source_code,planned_crawl_date,ownership_status,items
local_aux,2026-09-02,owner_success,3862
local_aux,2026-09-02,owner_failure,398
local_aux,2026-09-05,owner_success,2190
local_aux,2026-09-05,owner_failure,288
local_aux,2026-09-06,owner_success,3185
local_aux,2026-09-06,owner_failure,355
local_aux,2026-09-07,owner_success,3177
local_aux,2026-09-07,owner_failure,363
local_aux,2026-09-08,owner_success,3174
local_aux,2026-09-08,owner_failure,366
local_aux,2026-09-09,owner_success,3165
local_aux,2026-09-09,owner_failure,375
local_aux,2026-09-10,owner_success,3165
local_aux,2026-09-10,owner_failure,375
local_aux,2026-09-11,owner_success,3174
local_aux,2026-09-11,owner_failure,366
local_aux,2026-09-12,owner_success,3175
local_aux,2026-09-12,owner_failure,365
local_aux,2026-09-13,owner_success,3175
local_aux,2026-09-13,owner_failure,365
local_aux,2026-09-14,owner_success,14
local_aux,2026-09-14,owner_failure,1
local_aux,2026-09-15,owner_success,3152
local_aux,2026-09-15,owner_failure,388
local_aux,2026-09-16,owner_success,3170
local_aux,2026-09-16,owner_failure,370
local_aux,2026-09-17,owner_success,3121
local_aux,2026-09-17,owner_failure,419
local_aux,2026-09-18,owner_success,3133
local_aux,2026-09-18,owner_failure,407
local_aux,2026-09-19,owner_success,3156
local_aux,2026-09-19,owner_failure,384
local_aux,2026-09-20,owner_success,3140
local_aux,2026-09-20,owner_failure,400
local_aux,2026-09-21,owner_success,3141
local_aux,2026-09-21,owner_failure,399
local_aux,2026-09-22,owner_success,3149
local_aux,2026-09-22,owner_failure,391
local_aux,2026-09-23,owner_success,3148
local_aux,2026-09-23,owner_failure,392
local_aux,2026-09-24,owner_success,3093
local_aux,2026-09-24,owner_failure,447
local_aux,2026-09-25,owner_success,3070
local_aux,2026-09-25,owner_failure,470
local_aux,2026-09-26,owner_success,3091
local_aux,2026-09-26,owner_failure,449
local_aux,2026-09-27,owner_success,3097
local_aux,2026-09-27,owner_failure,443
local_aux,2026-09-28,owner_success,3105
local_aux,2026-09-28,owner_failure,435
local_aux,2026-09-29,owner_success,3109
local_aux,2026-09-29,owner_failure,431
local_aux,2026-09-30,owner_success,3111
local_aux,2026-09-30,owner_failure,429
local_aux,2026-10-01,owner_success,3093
local_aux,2026-10-01,owner_failure,447
local_aux,2026-10-02,owner_success,3085
local_aux,2026-10-02,owner_failure,455
local_aux,2026-10-03,owner_success,3120
local_aux,2026-10-03,owner_failure,420
local_aux,2026-10-04,owner_success,3114
local_aux,2026-10-04,owner_failure,426
local_primary,,unassigned,3325
local_primary,2026-08-18,owner_success,3815
local_primary,2026-08-18,owner_failure,445
local_primary,2026-08-19,owner_success,3816
local_primary,2026-08-19,owner_failure,444
local_primary,2026-08-20,owner_success,3785
local_primary,2026-08-20,owner_failure,475
local_primary,2026-08-21,owner_success,3808
local_primary,2026-08-21,owner_failure,452
local_primary,2026-08-22,owner_success,3782
local_primary,2026-08-22,owner_failure,478
local_primary,2026-08-23,owner_success,3818
local_primary,2026-08-23,owner_failure,442
local_primary,2026-08-24,owner_success,3821
local_primary,2026-08-24,owner_failure,439
local_primary,2026-08-25,owner_success,3811
local_primary,2026-08-25,owner_failure,449
local_primary,2026-08-26,owner_success,3816
local_primary,2026-08-26,owner_failure,444
local_primary,2026-08-27,owner_success,3747
local_primary,2026-08-27,owner_failure,513
local_primary,2026-08-28,owner_success,3768
local_primary,2026-08-28,owner_failure,492
local_primary,2026-08-29,owner_success,3755
local_primary,2026-08-29,owner_failure,505
local_primary,2026-08-30,owner_success,3853
local_primary,2026-08-30,owner_failure,407
local_primary,2026-08-31,owner_success,3858
local_primary,2026-08-31,owner_failure,402
local_primary,2026-09-01,owner_success,3862
local_primary,2026-09-01,owner_failure,398
local_primary,2026-09-02,owner_success,3853
local_primary,2026-09-02,owner_failure,407
local_primary,2026-09-03,owner_success,3867
local_primary,2026-09-03,owner_failure,381
local_primary,2026-09-04,owner_success,3880
local_primary,2026-09-04,owner_failure,368
local_primary,2026-09-05,owner_success,3874
local_primary,2026-09-05,owner_failure,374
local_primary,2026-09-06,owner_success,3851
local_primary,2026-09-06,owner_failure,397
local_primary,2026-09-07,owner_success,3853
local_primary,2026-09-07,owner_failure,395
local_primary,2026-09-08,owner_success,3842
local_primary,2026-09-08,owner_failure,406
local_primary,2026-09-09,owner_success,3713
local_primary,2026-09-09,owner_failure,535
local_primary,2026-09-10,owner_success,3814
local_primary,2026-09-10,owner_failure,434
local_primary,2026-09-11,owner_success,3822
local_primary,2026-09-11,owner_failure,426
local_primary,2026-09-12,owner_success,3810
local_primary,2026-09-12,owner_failure,438
local_primary,2026-09-13,owner_success,3844
local_primary,2026-09-13,owner_failure,404
local_primary,2026-09-14,owner_success,3834
local_primary,2026-09-14,owner_failure,414
local_primary,2026-09-15,owner_success,3819
local_primary,2026-09-15,owner_failure,429
local_primary,2026-09-16,owner_success,3834
local_primary,2026-09-16,owner_failure,414
local_primary,2026-09-17,owner_success,3755
local_primary,2026-09-17,owner_failure,493
local_primary,2026-09-18,owner_success,3764
local_primary,2026-09-18,owner_failure,484
local_primary,2026-09-19,owner_success,3767
local_primary,2026-09-19,owner_failure,481
local_primary,2026-09-20,owner_success,3817
local_primary,2026-09-20,owner_failure,431
local_primary,2026-09-21,owner_success,3813
local_primary,2026-09-21,owner_failure,435
local_primary,2026-09-22,owner_success,3776
local_primary,2026-09-22,owner_failure,472
local_primary,2026-09-23,owner_success,3802
local_primary,2026-09-23,owner_failure,446
local_primary,2026-09-24,owner_success,3705
local_primary,2026-09-24,owner_failure,543
local_primary,2026-09-25,owner_success,3725
local_primary,2026-09-25,owner_failure,523
local_primary,2026-09-26,owner_success,3699
local_primary,2026-09-26,owner_failure,549
local_primary,2026-09-27,owner_success,3717
local_primary,2026-09-27,owner_failure,531
local_primary,2026-09-28,owner_success,3730
local_primary,2026-09-28,owner_failure,518
local_primary,2026-09-29,owner_success,3733
local_primary,2026-09-29,owner_failure,515
local_primary,2026-09-30,owner_success,3732
local_primary,2026-09-30,owner_failure,516
local_primary,2026-10-01,owner_success,3723
local_primary,2026-10-01,owner_failure,525
local_primary,2026-10-02,owner_success,3710
local_primary,2026-10-02,owner_failure,538
local_primary,2026-10-03,owner_success,3702
local_primary,2026-10-03,owner_failure,546
local_primary,2026-10-04,owner_success,3682
local_primary,2026-10-04,owner_failure,566
vps,2026-08-24,owner_success,1525
vps,2026-08-24,owner_failure,250
vps,2026-08-25,owner_success,1515
vps,2026-08-25,owner_failure,260
vps,2026-08-26,owner_success,1506
vps,2026-08-26,owner_failure,269
vps,2026-08-27,owner_success,323
vps,2026-08-27,non_owner_duplicate,355
vps,2026-08-27,owner_failure,32
vps,2026-08-27,unassigned,1065
vps,2026-08-28,owner_success,1495
vps,2026-08-28,owner_failure,280
vps,2026-08-29,owner_success,576
vps,2026-08-29,owner_failure,134
vps,2026-08-29,unassigned,1065
vps,2026-08-30,owner_success,1475
vps,2026-08-30,owner_failure,300
vps,2026-08-31,owner_success,915
vps,2026-08-31,owner_failure,150
vps,2026-08-31,unassigned,710
vps,2026-09-01,owner_success,918
vps,2026-09-01,owner_failure,147
vps,2026-09-01,unassigned,710
vps,2026-09-02,owner_success,919
vps,2026-09-02,owner_failure,146
vps,2026-09-02,unassigned,710
vps,2026-09-03,owner_success,917
vps,2026-09-03,owner_failure,145
vps,2026-09-03,unassigned,708
vps,2026-09-04,owner_success,1247
vps,2026-09-04,owner_failure,169
vps,2026-09-04,unassigned,354
vps,2026-09-05,owner_success,1583
vps,2026-09-05,owner_failure,187
vps,2026-09-06,owner_success,1584
vps,2026-09-06,owner_failure,186
vps,2026-09-07,owner_success,1581
vps,2026-09-07,owner_failure,189
vps,2026-09-08,owner_success,1582
vps,2026-09-08,owner_failure,188
vps,2026-09-09,owner_success,1574
vps,2026-09-09,owner_failure,196
vps,2026-09-10,owner_success,1569
vps,2026-09-10,owner_failure,201
vps,2026-09-11,owner_success,1579
vps,2026-09-11,owner_failure,191
vps,2026-09-12,owner_success,1578
vps,2026-09-12,owner_failure,192
vps,2026-09-13,owner_success,1581
vps,2026-09-13,owner_failure,189
vps,2026-09-14,owner_success,666
vps,2026-09-14,non_owner_duplicate,1062
vps,2026-09-14,owner_failure,42
vps,2026-09-15,owner_success,1572
vps,2026-09-15,owner_failure,198
vps,2026-09-16,owner_success,1559
vps,2026-09-16,owner_failure,211
vps,2026-09-17,owner_success,1555
vps,2026-09-17,owner_failure,215
vps,2026-09-18,owner_success,1562
vps,2026-09-18,owner_failure,208
vps,2026-09-19,owner_success,1573
vps,2026-09-19,owner_failure,197
vps,2026-09-21,owner_success,1568
vps,2026-09-21,owner_failure,202
vps,2026-09-22,owner_success,1555
vps,2026-09-22,owner_failure,215
vps,2026-09-23,owner_success,1558
vps,2026-09-23,owner_failure,212
vps,2026-09-24,owner_success,1505
vps,2026-09-24,owner_failure,265
vps,2026-09-25,owner_success,1527
vps,2026-09-25,owner_failure,243
vps,2026-09-26,owner_success,1526
vps,2026-09-26,owner_failure,244
vps,2026-09-27,owner_success,1519
vps,2026-09-27,owner_failure,251
vps,2026-09-28,owner_success,1506
vps,2026-09-28,owner_failure,264
vps,2026-09-29,owner_success,1511
vps,2026-09-29,owner_failure,259
vps,2026-09-30,owner_success,1510
vps,2026-09-30,owner_failure,260
vps,2026-10-01,owner_success,1499
vps,2026-10-01,owner_failure,271
vps,2026-10-02,owner_success,1528
vps,2026-10-02,owner_failure,242
vps,2026-10-03,owner_success,1521
vps,2026-10-03,owner_failure,249
vps,2026-10-04,owner_success,1519
vps,2026-10-04,owner_failure,251
