g0,hotel,checkin,item_id,n,pmin,pmax,n_room,n_rate,n_occ,n_meal,n_pkg,n_bid,ratio,dims
2,hilton-saigon,2026-10-01,1,2,7767900.0,8448300.0,1,1,2,1,1,2,1.0875912408759123,1 khách
3,hilton-saigon,2026-10-01,1,4,9298800.0,13608000.0,1,1,2,2,1,4,1.4634146341463414,1 khách + bữa ăn
6,hilton-saigon,2026-10-01,1,2,7484400.0,8164800.0,1,1,2,1,1,2,1.0909090909090908,1 khách
7,hilton-saigon,2026-10-01,1,4,8958600.0,13267800.0,1,1,2,2,1,4,1.481012658227848,1 khách + bữa ăn
10,hilton-saigon,2026-10-01,1,2,9072000.0,9752400.0,1,1,2,1,1,2,1.075,1 khách
11,hilton-saigon,2026-10-01,1,4,10886400.0,15195600.0,1,1,2,2,1,4,1.3958333333333333,1 khách + bữa ăn
14,hilton-saigon,2026-10-01,1,2,7200900.0,7881300.0,1,1,2,1,1,2,1.094488188976378,1 khách
15,hilton-saigon,2026-10-01,1,4,8618400.0,12927600.0,1,1,2,2,1,4,1.5,1 khách + bữa ăn
18,hilton-saigon,2026-10-01,1,2,9128700.0,9809100.0,1,1,2,1,1,2,1.0745341614906831,1 khách
19,hilton-saigon,2026-10-01,1,4,10999800.0,15309000.0,1,1,2,2,1,4,1.3917525773195876,1 khách + bữa ăn
22,hilton-saigon,2026-10-01,1,2,10546200.0,11226600.0,1,1,2,1,1,2,1.064516129032258,1 khách
23,hilton-saigon,2026-10-01,1,4,12700800.0,17010000.0,1,1,2,2,1,4,1.3392857142857142,1 khách + bữa ăn
26,hilton-saigon,2026-10-01,1,2,7200900.0,7881300.0,1,1,2,1,1,2,1.094488188976378,1 khách
27,hilton-saigon,2026-10-01,1,4,8618400.0,12927600.0,1,1,2,2,1,4,1.5,1 khách + bữa ăn
30,hilton-saigon,2026-10-01,1,2,7484400.0,8164800.0,1,1,2,1,1,2,1.0909090909090908,1 khách
31,hilton-saigon,2026-10-01,1,4,8958600.0,13267800.0,1,1,2,2,1,4,1.481012658227848,1 khách + bữa ăn
34,hilton-saigon,2026-10-01,1,2,15479100.0,16159500.0,1,1,2,1,1,2,1.043956043956044,1 khách
35,hilton-saigon,2026-10-01,1,4,18711000.0,23020200.0,1,1,2,2,1,4,1.2303030303030302,1 khách + bữa ăn
38,hilton-saigon,2026-10-01,1,2,9355500.0,10035900.0,1,1,2,1,1,2,1.0727272727272728,1 khách
39,hilton-saigon,2026-10-01,1,4,11226600.0,15535800.0,1,1,2,2,1,4,1.3838383838383839,1 khách + bữa ăn
42,hilton-saigon,2026-10-01,1,2,7824600.0,8505000.0,1,1,2,1,1,2,1.0869565217391304,1 khách
43,hilton-saigon,2026-10-01,1,4,9412200.0,13721400.0,1,1,2,2,1,4,1.4578313253012047,1 khách + bữa ăn
46,hilton-saigon,2026-10-01,1,2,12700800.0,13381200.0,1,1,2,1,1,2,1.0535714285714286,1 khách
47,hilton-saigon,2026-10-01,1,4,15309000.0,19618200.0,1,1,2,2,1,4,1.2814814814814814,1 khách + bữa ăn
50,hilton-saigon,2026-10-11,2,2,7767900.0,8448300.0,1,1,2,1,1,2,1.0875912408759123,1 khách
51,hilton-saigon,2026-10-11,2,4,9298800.0,13608000.0,1,1,2,2,1,4,1.4634146341463414,1 khách + bữa ăn
54,hilton-saigon,2026-10-11,2,2,7030800.0,7711200.0,1,1,2,1,1,2,1.096774193548387,1 khách
55,hilton-saigon,2026-10-11,2,4,8391600.0,12700800.0,1,1,2,2,1,4,1.5135135135135136,1 khách + bữa ăn
58,hilton-saigon,2026-10-11,2,2,8618400.0,9298800.0,1,1,2,1,1,2,1.0789473684210527,1 khách
59,hilton-saigon,2026-10-11,2,4,10319400.0,14628600.0,1,1,2,2,1,4,1.4175824175824177,1 khách + bữa ăn
62,hilton-saigon,2026-10-11,2,2,6747300.0,7427700.0,1,1,2,1,1,2,1.1008403361344539,1 khách
63,hilton-saigon,2026-10-11,2,4,8051400.0,12360600.0,1,1,2,2,1,4,1.5352112676056338,1 khách + bữa ăn
66,hilton-saigon,2026-10-11,2,2,10602900.0,11283300.0,1,1,2,1,1,2,1.0641711229946524,1 khách
67,hilton-saigon,2026-10-11,2,4,12700800.0,17010000.0,1,1,2,2,1,4,1.3392857142857142,1 khách + bữa ăn
70,hilton-saigon,2026-10-11,2,2,6747300.0,7427700.0,1,1,2,1,1,2,1.1008403361344539,1 khách
71,hilton-saigon,2026-10-11,2,4,8051400.0,12360600.0,1,1,2,2,1,4,1.5352112676056338,1 khách + bữa ăn
74,hilton-saigon,2026-10-11,2,2,7030800.0,7711200.0,1,1,2,1,1,2,1.096774193548387,1 khách
75,hilton-saigon,2026-10-11,2,4,8391600.0,12700800.0,1,1,2,2,1,4,1.5135135135135136,1 khách + bữa ăn
78,hilton-saigon,2026-10-11,2,2,15535800.0,16216200.0,1,1,2,1,1,2,1.0437956204379562,1 khách
79,hilton-saigon,2026-10-11,2,4,18711000.0,23020200.0,1,1,2,2,1,4,1.2303030303030302,1 khách + bữa ăn
82,hilton-saigon,2026-10-11,2,2,8901900.0,9582300.0,1,1,2,1,1,2,1.0764331210191083,1 khách
83,hilton-saigon,2026-10-11,2,4,10659600.0,14968800.0,1,1,2,2,1,4,1.4042553191489362,1 khách + bữa ăn
86,hilton-saigon,2026-10-11,2,2,7881300.0,8561700.0,1,1,2,1,1,2,1.0863309352517985,1 khách
87,hilton-saigon,2026-10-11,2,4,9412200.0,13721400.0,1,1,2,2,1,4,1.4578313253012047,1 khách + bữa ăn
90,hilton-saigon,2026-10-11,2,2,12757500.0,13437900.0,1,1,2,1,1,2,1.0533333333333332,1 khách
91,hilton-saigon,2026-10-11,2,4,15309000.0,19618200.0,1,1,2,2,1,4,1.2814814814814814,1 khách + bữa ăn
94,hilton-saigon,2026-11-18,3,2,10376100.0,11056500.0,1,1,2,1,1,2,1.0655737704918034,1 khách
95,hilton-saigon,2026-11-18,3,4,10886400.0,15195600.0,1,1,2,2,1,4,1.3958333333333333,1 khách + bữa ăn
98,hilton-saigon,2026-11-18,3,2,10035900.0,10716300.0,1,1,2,1,1,2,1.0677966101694916,1 khách
99,hilton-saigon,2026-11-18,3,4,10546200.0,14855400.0,1,1,2,2,1,4,1.4086021505376345,1 khách + bữa ăn
102,hilton-saigon,2026-11-18,3,2,11226600.0,11907000.0,1,1,2,1,1,2,1.0606060606060606,1 khách
103,hilton-saigon,2026-11-18,3,4,11793600.0,16102800.0,1,1,2,2,1,4,1.3653846153846154,1 khách + bữa ăn
106,hilton-saigon,2026-11-18,3,2,9639000.0,10319400.0,1,1,2,1,1,2,1.0705882352941176,1 khách
107,hilton-saigon,2026-11-18,3,4,10092600.0,14401800.0,1,1,2,2,1,4,1.4269662921348314,1 khách + bữa ăn
110,hilton-saigon,2026-11-18,3,2,11793600.0,12474000.0,1,1,2,1,1,2,1.0576923076923077,1 khách
111,hilton-saigon,2026-11-18,3,4,12360600.0,16669800.0,1,1,2,2,1,4,1.348623853211009,1 khách + bữa ăn
114,hilton-saigon,2026-11-18,3,2,13494600.0,14175000.0,1,1,2,1,1,2,1.050420168067227,1 khách
115,hilton-saigon,2026-11-18,3,4,14175000.0,18484200.0,1,1,2,2,1,4,1.304,1 khách + bữa ăn
118,hilton-saigon,2026-11-18,3,2,9865800.0,10546200.0,1,1,2,1,1,2,1.0689655172413792,1 khách
119,hilton-saigon,2026-11-18,3,4,10319400.0,14628600.0,1,1,2,2,1,4,1.4175824175824177,1 khách + bữa ăn
122,hilton-saigon,2026-11-18,3,2,25798500.0,26478900.0,1,1,2,1,1,2,1.0263736263736263,1 khách
123,hilton-saigon,2026-11-18,3,4,27102600.0,31411800.0,1,1,2,2,1,4,1.1589958158995817,1 khách + bữa ăn
126,hilton-saigon,2026-11-18,3,2,11793600.0,12474000.0,1,1,2,1,1,2,1.0576923076923077,1 khách
127,hilton-saigon,2026-11-18,3,4,12360600.0,16669800.0,1,1,2,2,1,4,1.348623853211009,1 khách + bữa ăn
130,hilton-saigon,2026-11-18,3,2,10376100.0,11056500.0,1,1,2,1,1,2,1.0655737704918034,1 khách
131,hilton-saigon,2026-11-18,3,4,10886400.0,15195600.0,1,1,2,2,1,4,1.3958333333333333,1 khách + bữa ăn
134,hilton-saigon,2026-11-18,3,2,16216200.0,16896600.0,1,1,2,1,1,2,1.0419580419580419,1 khách
135,hilton-saigon,2026-11-18,3,4,17010000.0,21319200.0,1,1,2,2,1,4,1.2533333333333334,1 khách + bữa ăn
137,the-myst-dong-khoi,2026-10-01,4,2,7772638.0,8230838.0,1,1,2,1,1,2,1.058950384669915,1 khách
138,the-myst-dong-khoi,2026-10-01,4,2,8079400.0,8485400.0,1,1,2,1,1,2,1.050251256281407,1 khách
140,the-myst-dong-khoi,2026-10-01,4,2,7333810.0,7792010.0,1,1,2,1,1,2,1.062477757127605,1 khách
141,the-myst-dong-khoi,2026-10-01,4,2,7609600.0,8033000.0,1,1,2,1,1,2,1.055640243902439,1 khách
143,the-myst-dong-khoi,2026-10-01,4,2,6951242.0,7409442.0,1,1,2,1,1,2,1.0659162779831288,1 khách
144,the-myst-dong-khoi,2026-10-01,4,2,7215200.0,7638600.0,1,1,2,1,1,2,1.0586816720257235,1 khách
146,the-myst-dong-khoi,2026-10-01,4,2,6908433.0,7390333.0,1,1,2,1,1,2,1.0697553265697155,1 khách
147,the-myst-dong-khoi,2026-10-01,4,2,7173600.0,7618900.0,1,1,2,1,1,2,1.0620748299319729,1 khách
149,the-myst-dong-khoi,2026-10-01,4,2,7333810.0,7792010.0,1,1,2,1,1,2,1.062477757127605,1 khách
150,the-myst-dong-khoi,2026-10-01,4,2,7609600.0,8033000.0,1,1,2,1,1,2,1.055640243902439,1 khách
152,the-myst-dong-khoi,2026-10-01,4,2,6908433.0,7390333.0,1,1,2,1,1,2,1.0697553265697155,1 khách
153,the-myst-dong-khoi,2026-10-01,4,2,7173600.0,7618900.0,1,1,2,1,1,2,1.0620748299319729,1 khách
154,the-myst-dong-khoi,2026-10-11,5,2,7665744.0,8123944.0,1,1,2,1,1,2,1.0597724108710127,1 khách
155,the-myst-dong-khoi,2026-10-11,5,2,7969200.0,8375200.0,1,1,2,1,1,2,1.0509461426491995,1 khách
157,the-myst-dong-khoi,2026-10-11,5,2,7226916.0,7685116.0,1,1,2,1,1,2,1.063401871559044,1 khách
158,the-myst-dong-khoi,2026-10-11,5,2,7499400.0,7922800.0,1,1,2,1,1,2,1.0564578499613302,1 khách
160,the-myst-dong-khoi,2026-10-11,5,2,10394354.0,10852554.0,1,1,2,1,1,2,1.0440816235429349,1 khách
162,the-myst-dong-khoi,2026-10-11,5,2,6844348.0,7302548.0,1,1,2,1,1,2,1.0669457485212617,1 khách
163,the-myst-dong-khoi,2026-10-11,5,2,7105000.0,7528400.0,1,1,2,1,1,2,1.059591836734694,1 khách
165,the-myst-dong-khoi,2026-10-11,5,2,6452824.0,6934724.0,1,1,2,1,1,2,1.0746804809801105,1 khách
166,the-myst-dong-khoi,2026-10-11,5,2,6703900.0,7149200.0,1,1,2,1,1,2,1.0664240218380345,1 khách
168,the-myst-dong-khoi,2026-10-11,5,2,6796010.0,7277910.0,1,1,2,1,1,2,1.0709092541064535,1 khách
169,the-myst-dong-khoi,2026-10-11,5,2,7057700.0,7503000.0,1,1,2,1,1,2,1.063094209161625,1 khách
171,the-myst-dong-khoi,2026-10-11,5,2,7226916.0,7685116.0,1,1,2,1,1,2,1.063401871559044,1 khách
172,the-myst-dong-khoi,2026-10-11,5,2,7499400.0,7922800.0,1,1,2,1,1,2,1.0564578499613302,1 khách
174,the-myst-dong-khoi,2026-10-11,5,2,6452824.0,6934724.0,1,1,2,1,1,2,1.0746804809801105,1 khách
175,the-myst-dong-khoi,2026-10-11,5,2,6722200.0,7149200.0,1,1,2,1,1,2,1.0635208711433757,1 khách
177,the-myst-dong-khoi,2026-10-11,5,2,6796010.0,7277910.0,1,1,2,1,1,2,1.0709092541064535,1 khách
178,the-myst-dong-khoi,2026-10-11,5,2,7057700.0,7503000.0,1,1,2,1,1,2,1.063094209161625,1 khách
180,the-myst-dong-khoi,2026-11-18,6,2,8965350.0,9423550.0,1,1,2,1,1,2,1.0511078764353874,1 khách
182,the-myst-dong-khoi,2026-11-18,6,2,9309000.0,9715000.0,1,1,2,1,1,2,1.043613707165109,1 khách
183,the-myst-dong-khoi,2026-11-18,6,2,8526522.0,8984722.0,1,1,2,1,1,2,1.0537382065043637,1 khách
185,the-myst-dong-khoi,2026-11-18,6,2,8839200.0,9262600.0,1,1,2,1,1,2,1.0479002624671916,1 khách
186,the-myst-dong-khoi,2026-11-18,6,2,8143954.0,8602154.0,1,1,2,1,1,2,1.0562625967681054,1 khách
188,the-myst-dong-khoi,2026-11-18,6,2,8444800.0,8868200.0,1,1,2,1,1,2,1.0501373626373627,1 khách
189,the-myst-dong-khoi,2026-11-18,6,2,7819651.0,8301551.0,1,1,2,1,1,2,1.0616267912723982,1 khách
191,the-myst-dong-khoi,2026-11-18,6,2,8113000.0,8558300.0,1,1,2,1,1,2,1.0548872180451128,1 khách
192,the-myst-dong-khoi,2026-11-18,6,2,8162837.0,8644737.0,1,1,2,1,1,2,1.0590358474633268,1 khách
194,the-myst-dong-khoi,2026-11-18,6,2,8466800.0,8912100.0,1,1,2,1,1,2,1.052593659942363,1 khách
195,the-myst-dong-khoi,2026-11-18,6,2,8526522.0,8984722.0,1,1,2,1,1,2,1.0537382065043637,1 khách
197,the-myst-dong-khoi,2026-11-18,6,2,8839200.0,9262600.0,1,1,2,1,1,2,1.0479002624671916,1 khách
198,the-myst-dong-khoi,2026-11-18,6,2,7819651.0,8301551.0,1,1,2,1,1,2,1.0616267912723982,1 khách
200,the-myst-dong-khoi,2026-11-18,6,2,8131300.0,8558300.0,1,1,2,1,1,2,1.0525131282820706,1 khách
201,the-myst-dong-khoi,2026-11-18,6,2,8162837.0,8644737.0,1,1,2,1,1,2,1.0590358474633268,1 khách
203,the-myst-dong-khoi,2026-11-18,6,2,8466800.0,8912100.0,1,1,2,1,1,2,1.052593659942363,1 khách
275,vinhomes-ocean-park-bunnys-homes-nature-room,2026-10-01,10,2,1111500.0,1795500.0,1,1,2,1,2,2,1.6153846153846154,tiện ích/gói
276,vinhomes-ocean-park-bunnys-homes-nature-room,2026-10-01,10,2,769500.0,1453500.0,1,1,2,1,2,2,1.8888888888888888,tiện ích/gói
277,vinhomes-ocean-park-bunnys-homes-nature-room,2026-10-01,10,2,769500.0,1453500.0,1,1,2,1,2,2,1.8888888888888888,tiện ích/gói
278,vinhomes-ocean-park-bunnys-homes-nature-room,2026-10-01,10,6,769500.0,1795500.0,3,1,3,1,2,6,2.3333333333333335,1 khách + tiện ích/gói
279,vinhomes-ocean-park-bunnys-homes-nature-room,2026-10-11,11,2,1111500.0,1795500.0,1,1,2,1,2,2,1.6153846153846154,tiện ích/gói
280,vinhomes-ocean-park-bunnys-homes-nature-room,2026-10-11,11,2,769500.0,1453500.0,1,1,2,1,2,2,1.8888888888888888,tiện ích/gói
281,vinhomes-ocean-park-bunnys-homes-nature-room,2026-10-11,11,2,769500.0,1453500.0,1,1,2,1,2,2,1.8888888888888888,tiện ích/gói
282,vinhomes-ocean-park-bunnys-homes-nature-room,2026-10-11,11,6,769500.0,1795500.0,3,1,3,1,2,6,2.3333333333333335,1 khách + tiện ích/gói
283,vinhomes-ocean-park-bunnys-homes-nature-room,2026-11-18,12,2,1053000.0,1701000.0,1,1,2,1,2,2,1.6153846153846154,tiện ích/gói
284,vinhomes-ocean-park-bunnys-homes-nature-room,2026-11-18,12,2,729000.0,1377000.0,1,1,2,1,2,2,1.8888888888888888,tiện ích/gói
285,vinhomes-ocean-park-bunnys-homes-nature-room,2026-11-18,12,2,729000.0,1377000.0,1,1,2,1,2,2,1.8888888888888888,tiện ích/gói
286,vinhomes-ocean-park-bunnys-homes-nature-room,2026-11-18,12,6,729000.0,1701000.0,3,1,3,1,2,6,2.3333333333333335,1 khách + tiện ích/gói
288,dusit-le-palais-tu-hoa-hanoi,2026-10-01,13,2,5317893.0,5556033.0,1,1,2,1,1,2,1.0447808934854461,1 khách
289,dusit-le-palais-tu-hoa-hanoi,2026-10-01,13,2,6214320.0,6452460.0,1,1,2,1,1,2,1.0383211678832116,1 khách
291,dusit-le-palais-tu-hoa-hanoi,2026-10-01,13,2,4293324.0,4758264.0,1,1,2,1,1,2,1.1082937136819864,1 khách
293,dusit-le-palais-tu-hoa-hanoi,2026-10-01,13,2,4064823.0,4302963.0,1,1,2,1,1,2,1.0585855767889525,1 khách
294,dusit-le-palais-tu-hoa-hanoi,2026-10-01,13,2,4740120.0,4978260.0,1,1,2,1,1,2,1.0502392344497609,1 khách
296,dusit-le-palais-tu-hoa-hanoi,2026-10-01,13,2,6289164.0,6754104.0,1,1,2,1,1,2,1.0739271547060945,1 khách
298,dusit-le-palais-tu-hoa-hanoi,2026-10-01,13,2,7149303.0,7387443.0,1,1,2,1,1,2,1.0333095408041875,1 khách
299,dusit-le-palais-tu-hoa-hanoi,2026-10-01,13,2,8368920.0,8607060.0,1,1,2,1,1,2,1.0284552845528456,1 khách
302,dusit-le-palais-tu-hoa-hanoi,2026-10-01,13,2,4546773.0,4784913.0,1,1,2,1,1,2,1.0523756079311635,1 khách
303,dusit-le-palais-tu-hoa-hanoi,2026-10-01,13,2,5307120.0,5545260.0,1,1,2,1,1,2,1.044871794871795,1 khách
305,dusit-le-palais-tu-hoa-hanoi,2026-10-01,13,2,4293324.0,4758264.0,1,1,2,1,1,2,1.1082937136819864,1 khách
306,dusit-le-palais-tu-hoa-hanoi,2026-10-01,13,2,7196364.0,7661304.0,1,1,2,1,1,2,1.06460762685156,1 khách
307,dusit-le-palais-tu-hoa-hanoi,2026-10-01,13,2,5472684.0,5937624.0,1,1,2,1,1,2,1.0849564857024452,1 khách
308,dusit-le-palais-tu-hoa-hanoi,2026-10-01,13,2,5019084.0,5484024.0,1,1,2,1,1,2,1.0926344328965205,1 khách
309,dusit-le-palais-tu-hoa-hanoi,2026-10-01,13,2,5744844.0,6209784.0,1,1,2,1,1,2,1.0809317015396762,1 khách
311,dusit-le-palais-tu-hoa-hanoi,2026-10-01,13,2,6667353.0,6905493.0,1,1,2,1,1,2,1.0357173229016072,1 khách
312,dusit-le-palais-tu-hoa-hanoi,2026-10-01,13,2,7801920.0,8040060.0,1,1,2,1,1,2,1.0305232558139534,1 khách
316,dusit-le-palais-tu-hoa-hanoi,2026-10-01,13,2,6185403.0,6423543.0,1,1,2,1,1,2,1.038500320836007,1 khách
317,dusit-le-palais-tu-hoa-hanoi,2026-10-01,13,2,7234920.0,7473060.0,1,1,2,1,1,2,1.0329153605015673,1 khách
319,dusit-le-palais-tu-hoa-hanoi,2026-10-01,13,2,4746924.0,5211864.0,1,1,2,1,1,2,1.0979455327281413,1 khách
321,dusit-le-palais-tu-hoa-hanoi,2026-10-01,13,3,3178236.0,4302963.0,1,2,3,1,1,3,1.3538840413361375,1 khách + bữa ăn + hủy + thanh toán + tiện ích/gói
322,dusit-le-palais-tu-hoa-hanoi,2026-10-01,13,2,4740120.0,4978260.0,1,1,2,1,1,2,1.0502392344497609,1 khách
324,dusit-le-palais-tu-hoa-hanoi,2026-10-01,13,2,6742764.0,7207704.0,1,1,2,1,1,2,1.06895391860074,1 khách
326,dusit-le-palais-tu-hoa-hanoi,2026-10-01,13,2,5607063.0,5845203.0,1,1,2,1,1,2,1.0424714329052482,1 khách
327,dusit-le-palais-tu-hoa-hanoi,2026-10-01,13,2,6554520.0,6792660.0,1,1,2,1,1,2,1.0363321799307958,1 khách
330,dusit-le-palais-tu-hoa-hanoi,2026-10-01,13,2,4835943.0,5074083.0,1,1,2,1,1,2,1.049243756595146,1 khách
331,dusit-le-palais-tu-hoa-hanoi,2026-10-01,13,2,5647320.0,5885460.0,1,1,2,1,1,2,1.0421686746987953,1 khách
335,dusit-le-palais-tu-hoa-hanoi,2026-10-11,14,2,5125113.0,5363253.0,1,1,2,1,1,2,1.0464653169598408,1 khách
336,dusit-le-palais-tu-hoa-hanoi,2026-10-11,14,2,5987520.0,6225660.0,1,1,2,1,1,2,1.0397727272727273,1 khách
337,dusit-le-palais-tu-hoa-hanoi,2026-10-11,14,2,4111884.0,4576824.0,1,1,2,1,1,2,1.1130722559293988,1 khách
340,dusit-le-palais-tu-hoa-hanoi,2026-10-11,14,2,3872043.0,4110183.0,1,1,2,1,1,2,1.0615024161663493,1 khách
341,dusit-le-palais-tu-hoa-hanoi,2026-10-11,14,2,4513320.0,4751460.0,1,1,2,1,1,2,1.0527638190954773,1 khách
342,dusit-le-palais-tu-hoa-hanoi,2026-10-11,14,2,6107724.0,6572664.0,1,1,2,1,1,2,1.0761232825844782,1 khách
345,dusit-le-palais-tu-hoa-hanoi,2026-10-11,14,2,6956523.0,7194663.0,1,1,2,1,1,2,1.034232618795338,1 khách
346,dusit-le-palais-tu-hoa-hanoi,2026-10-11,14,2,8142120.0,8380260.0,1,1,2,1,1,2,1.0292479108635098,1 khách
349,dusit-le-palais-tu-hoa-hanoi,2026-10-11,14,2,4353993.0,4592133.0,1,1,2,1,1,2,1.0546946216955333,1 khách
350,dusit-le-palais-tu-hoa-hanoi,2026-10-11,14,2,5080320.0,5318460.0,1,1,2,1,1,2,1.046875,1 khách
351,dusit-le-palais-tu-hoa-hanoi,2026-10-11,14,2,4111884.0,4576824.0,1,1,2,1,1,2,1.1130722559293988,1 khách
352,dusit-le-palais-tu-hoa-hanoi,2026-10-11,14,2,7014924.0,7479864.0,1,1,2,1,1,2,1.0662786938247657,1 khách
353,dusit-le-palais-tu-hoa-hanoi,2026-10-11,14,2,5291244.0,5756184.0,1,1,2,1,1,2,1.08786969567081,1 khách
354,dusit-le-palais-tu-hoa-hanoi,2026-10-11,14,2,4837644.0,5302584.0,1,1,2,1,1,2,1.096108766994843,1 khách
355,dusit-le-palais-tu-hoa-hanoi,2026-10-11,14,2,5563404.0,6028344.0,1,1,2,1,1,2,1.0835711373827965,1 khách
358,dusit-le-palais-tu-hoa-hanoi,2026-10-11,14,2,6474573.0,6712713.0,1,1,2,1,1,2,1.0367808039232858,1 khách
359,dusit-le-palais-tu-hoa-hanoi,2026-10-11,14,2,7575120.0,7813260.0,1,1,2,1,1,2,1.031437125748503,1 khách
362,dusit-le-palais-tu-hoa-hanoi,2026-10-11,14,2,5992623.0,6230763.0,1,1,2,1,1,2,1.0397388589270509,1 khách
363,dusit-le-palais-tu-hoa-hanoi,2026-10-11,14,2,7008120.0,7246260.0,1,1,2,1,1,2,1.0339805825242718,1 khách
364,dusit-le-palais-tu-hoa-hanoi,2026-10-11,14,2,4565484.0,5030424.0,1,1,2,1,1,2,1.1018380526577247,1 khách
367,dusit-le-palais-tu-hoa-hanoi,2026-10-11,14,2,3872043.0,4110183.0,1,1,2,1,1,2,1.0615024161663493,1 khách
368,dusit-le-palais-tu-hoa-hanoi,2026-10-11,14,2,4513320.0,4751460.0,1,1,2,1,1,2,1.0527638190954773,1 khách
369,dusit-le-palais-tu-hoa-hanoi,2026-10-11,14,2,6561324.0,7026264.0,1,1,2,1,1,2,1.070860698237124,1 khách
372,dusit-le-palais-tu-hoa-hanoi,2026-10-11,14,2,5414283.0,5652423.0,1,1,2,1,1,2,1.0439836632108075,1 khách
373,dusit-le-palais-tu-hoa-hanoi,2026-10-11,14,2,6327720.0,6565860.0,1,1,2,1,1,2,1.0376344086021505,1 khách
376,dusit-le-palais-tu-hoa-hanoi,2026-10-11,14,2,4643163.0,4881303.0,1,1,2,1,1,2,1.051288313591403,1 khách
377,dusit-le-palais-tu-hoa-hanoi,2026-10-11,14,2,5420520.0,5658660.0,1,1,2,1,1,2,1.0439330543933054,1 khách
379,dusit-le-palais-tu-hoa-hanoi,2026-11-18,15,2,5559350.0,5797490.0,1,1,2,1,1,2,1.0428359430508962,1 khách
381,dusit-le-palais-tu-hoa-hanoi,2026-11-18,15,2,6498387.0,6736527.0,1,1,2,1,1,2,1.0366460169269698,1 khách
382,dusit-le-palais-tu-hoa-hanoi,2026-11-18,15,2,4520578.0,4985518.0,1,1,2,1,1,2,1.1028496798418255,1 khách
383,dusit-le-palais-tu-hoa-hanoi,2026-11-18,15,2,3704950.0,4068140.0,1,2,2,1,1,2,1.0980283134725164,bữa ăn + hủy + thanh toán + tiện ích/gói
384,dusit-le-palais-tu-hoa-hanoi,2026-11-18,15,2,4306280.0,4544420.0,1,1,2,1,1,2,1.0553006307067818,1 khách
386,dusit-le-palais-tu-hoa-hanoi,2026-11-18,15,2,5024187.0,5262327.0,1,1,2,1,1,2,1.0473987134634917,1 khách
387,dusit-le-palais-tu-hoa-hanoi,2026-11-18,15,2,6516418.0,6981358.0,1,1,2,1,1,2,1.0713490141362938,1 khách
389,dusit-le-palais-tu-hoa-hanoi,2026-11-18,15,2,7390760.0,7628900.0,1,1,2,1,1,2,1.0322213141814915,1 khách
391,dusit-le-palais-tu-hoa-hanoi,2026-11-18,15,2,8652987.0,8891127.0,1,1,2,1,1,2,1.0275211322980145,1 khách
393,dusit-le-palais-tu-hoa-hanoi,2026-11-18,15,2,4788230.0,5026370.0,1,1,2,1,1,2,1.049734453023351,1 khách
395,dusit-le-palais-tu-hoa-hanoi,2026-11-18,15,2,5591187.0,5829327.0,1,1,2,1,1,2,1.042592029205963,1 khách
396,dusit-le-palais-tu-hoa-hanoi,2026-11-18,15,2,4520578.0,4985518.0,1,1,2,1,1,2,1.1028496798418255,1 khách
397,dusit-le-palais-tu-hoa-hanoi,2026-11-18,15,2,7423618.0,7888558.0,1,1,2,1,1,2,1.0626298389814777,1 khách
398,dusit-le-palais-tu-hoa-hanoi,2026-11-18,15,2,5699938.0,6164878.0,1,1,2,1,1,2,1.0815693082977393,1 khách
399,dusit-le-palais-tu-hoa-hanoi,2026-11-18,15,2,5246338.0,5711278.0,1,1,2,1,1,2,1.0886218158265824,1 khách
400,dusit-le-palais-tu-hoa-hanoi,2026-11-18,15,2,5972098.0,6437038.0,1,1,2,1,1,2,1.07785203792704,1 khách
402,dusit-le-palais-tu-hoa-hanoi,2026-11-18,15,2,6908810.0,7146950.0,1,1,2,1,1,2,1.0344690330172635,1 khách
404,dusit-le-palais-tu-hoa-hanoi,2026-11-18,15,2,8085987.0,8324127.0,1,1,2,1,1,2,1.0294509501437488,1 khách
406,dusit-le-palais-tu-hoa-hanoi,2026-11-18,15,2,6426860.0,6665000.0,1,1,2,1,1,2,1.0370538645621656,1 khách
408,dusit-le-palais-tu-hoa-hanoi,2026-11-18,15,2,7518987.0,7757127.0,1,1,2,1,1,2,1.0316718196214463,1 khách
409,dusit-le-palais-tu-hoa-hanoi,2026-11-18,15,2,4974178.0,5439118.0,1,1,2,1,1,2,1.0934707201873355,1 khách
412,dusit-le-palais-tu-hoa-hanoi,2026-11-18,15,2,4306280.0,4544420.0,1,1,2,1,1,2,1.0553006307067818,1 khách
414,dusit-le-palais-tu-hoa-hanoi,2026-11-18,15,2,5024187.0,5262327.0,1,1,2,1,1,2,1.0473987134634917,1 khách
415,dusit-le-palais-tu-hoa-hanoi,2026-11-18,15,2,6970018.0,7434958.0,1,1,2,1,1,2,1.066705710085684,1 khách
417,dusit-le-palais-tu-hoa-hanoi,2026-11-18,15,2,5848520.0,6086660.0,1,1,2,1,1,2,1.0407179936120592,1 khách
419,dusit-le-palais-tu-hoa-hanoi,2026-11-18,15,2,6838587.0,7076727.0,1,1,2,1,1,2,1.0348229831688915,1 khách
421,dusit-le-palais-tu-hoa-hanoi,2026-11-18,15,2,5077400.0,5315540.0,1,1,2,1,1,2,1.0469019576948833,1 khách
423,dusit-le-palais-tu-hoa-hanoi,2026-11-18,15,2,5931387.0,6169527.0,1,1,2,1,1,2,1.040149125322627,1 khách
426,intercontinental-westlake,2026-10-01,16,2,6725897.0,8495884.0,1,1,1,2,1,2,1.263159991894018,bữa ăn
434,intercontinental-westlake,2026-10-01,16,2,6991499.0,8761486.0,1,1,1,2,1,2,1.2531627337713986,bữa ăn
450,intercontinental-westlake,2026-10-01,16,2,5723061.0,7493047.0,1,1,1,2,1,2,1.309272607788035,bữa ăn
463,intercontinental-westlake,2026-10-11,17,2,6781723.0,8550868.0,1,1,1,2,1,2,1.2608695459841106,bữa ăn
471,intercontinental-westlake,2026-10-11,17,2,7076581.0,8845726.0,1,1,1,2,1,2,1.2499999646722053,bữa ăn
483,intercontinental-westlake,2026-10-11,17,2,5307435.0,7076581.0,1,1,1,2,1,2,1.3333335217482645,bữa ăn
491,intercontinental-westlake,2026-10-11,17,2,5749722.0,7518867.0,1,1,1,2,1,2,1.3076922675565879,bữa ăn
499,intercontinental-westlake,2026-10-11,17,2,5749722.0,7518867.0,1,1,1,2,1,2,1.3076922675565879,bữa ăn
507,intercontinental-westlake,2026-10-11,17,2,6192008.0,7961153.0,1,1,1,2,1,2,1.2857142626430715,bữa ăn
511,intercontinental-westlake,2026-10-11,17,2,5307435.0,7076581.0,1,1,1,2,1,2,1.3333335217482645,bữa ăn
515,intercontinental-westlake,2026-10-11,17,2,5307435.0,7076581.0,1,1,1,2,1,2,1.3333335217482645,bữa ăn
519,intercontinental-westlake,2026-10-11,17,2,6486866.0,8256011.0,1,1,1,2,1,2,1.272727230684278,bữa ăn
523,intercontinental-westlake,2026-11-18,18,2,7961153.0,9730298.0,1,1,1,2,1,2,1.2222222082655616,bữa ăn
531,intercontinental-westlake,2026-11-18,18,2,8256011.0,10025156.0,1,1,1,2,1,2,1.2142856883305995,bữa ăn
543,intercontinental-westlake,2026-11-18,18,2,6486866.0,8256011.0,1,1,1,2,1,2,1.272727230684278,bữa ăn
548,intercontinental-westlake,2026-11-18,18,2,6929152.0,8698297.0,1,1,1,2,1,2,1.255319121300846,bữa ăn
553,intercontinental-westlake,2026-11-18,18,2,6929152.0,8698297.0,1,1,1,2,1,2,1.255319121300846,bữa ăn
561,intercontinental-westlake,2026-11-18,18,2,7371438.0,9140583.0,1,1,1,2,1,2,1.239999983720951,bữa ăn
565,intercontinental-westlake,2026-11-18,18,2,6486866.0,8256011.0,1,1,1,2,1,2,1.272727230684278,bữa ăn
569,intercontinental-westlake,2026-11-18,18,2,7666296.0,9435441.0,1,1,1,2,1,2,1.2307692006674409,bữa ăn
619,ibis-styles-vung-tau,2026-10-01,22,2,1395500.0,1632000.0,1,1,2,1,1,2,1.169473307058402,1 khách
620,ibis-styles-vung-tau,2026-10-01,22,4,1460000.0,1700000.0,1,2,2,1,2,4,1.1643835616438356,1 khách + thanh toán + tiện ích/gói
621,ibis-styles-vung-tau,2026-10-01,22,2,1823000.0,2059500.0,1,1,2,1,1,2,1.1297312122874383,1 khách
622,ibis-styles-vung-tau,2026-10-01,22,4,1910000.0,2150000.0,1,2,2,1,2,4,1.12565445026178,1 khách + thanh toán + tiện ích/gói
623,ibis-styles-vung-tau,2026-10-01,22,2,2203000.0,2439500.0,1,1,2,1,1,2,1.1073536087153881,1 khách
624,ibis-styles-vung-tau,2026-10-01,22,4,2310000.0,2550000.0,1,2,2,1,2,4,1.103896103896104,1 khách + thanh toán + tiện ích/gói
625,ibis-styles-vung-tau,2026-10-01,22,2,1253000.0,1489500.0,1,1,2,1,1,2,1.1887470071827613,1 khách
626,ibis-styles-vung-tau,2026-10-01,22,4,1310000.0,1550000.0,1,2,2,1,2,4,1.183206106870229,1 khách + thanh toán + tiện ích/gói
627,ibis-styles-vung-tau,2026-10-01,22,2,1395500.0,1632000.0,1,1,2,1,1,2,1.169473307058402,1 khách
628,ibis-styles-vung-tau,2026-10-01,22,4,1460000.0,1700000.0,1,2,2,1,2,4,1.1643835616438356,1 khách + thanh toán + tiện ích/gói
629,ibis-styles-vung-tau,2026-10-01,22,2,1538000.0,1774500.0,1,1,2,1,1,2,1.153771131339402,1 khách
630,ibis-styles-vung-tau,2026-10-01,22,4,1610000.0,1850000.0,1,2,2,1,2,4,1.1490683229813665,1 khách + thanh toán + tiện ích/gói
631,ibis-styles-vung-tau,2026-10-01,22,2,1823000.0,2059500.0,1,1,2,1,1,2,1.1297312122874383,1 khách
632,ibis-styles-vung-tau,2026-10-01,22,4,1910000.0,2150000.0,1,2,2,1,2,4,1.12565445026178,1 khách + thanh toán + tiện ích/gói
633,ibis-styles-vung-tau,2026-10-11,23,2,1300500.0,1530000.0,1,1,2,1,1,2,1.1764705882352942,1 khách
634,ibis-styles-vung-tau,2026-10-11,23,4,1500000.0,1740000.0,1,2,2,1,2,4,1.16,1 khách + thanh toán + tiện ích/gói
635,ibis-styles-vung-tau,2026-10-11,23,2,1683000.0,1912500.0,1,1,2,1,1,2,1.1363636363636365,1 khách
636,ibis-styles-vung-tau,2026-10-11,23,4,1950000.0,2190000.0,1,2,2,1,2,4,1.123076923076923,1 khách + thanh toán + tiện ích/gói
637,ibis-styles-vung-tau,2026-10-11,23,2,2023000.0,2252500.0,1,1,2,1,1,2,1.1134453781512605,1 khách
638,ibis-styles-vung-tau,2026-10-11,23,4,2350000.0,2590000.0,1,2,2,1,2,4,1.102127659574468,1 khách + thanh toán + tiện ích/gói
639,ibis-styles-vung-tau,2026-10-11,23,2,1173000.0,1402500.0,1,1,2,1,1,2,1.1956521739130435,1 khách
640,ibis-styles-vung-tau,2026-10-11,23,4,1350000.0,1590000.0,1,2,2,1,2,4,1.1777777777777778,1 khách + thanh toán + tiện ích/gói
641,ibis-styles-vung-tau,2026-10-11,23,2,1300500.0,1530000.0,1,1,2,1,1,2,1.1764705882352942,1 khách
642,ibis-styles-vung-tau,2026-10-11,23,4,1500000.0,1740000.0,1,2,2,1,2,4,1.16,1 khách + thanh toán + tiện ích/gói
643,ibis-styles-vung-tau,2026-10-11,23,2,1428000.0,1657500.0,1,1,2,1,1,2,1.1607142857142858,1 khách
644,ibis-styles-vung-tau,2026-10-11,23,4,1650000.0,1890000.0,1,2,2,1,2,4,1.1454545454545455,1 khách + thanh toán + tiện ích/gói
645,ibis-styles-vung-tau,2026-10-11,23,2,1683000.0,1912500.0,1,1,2,1,1,2,1.1363636363636365,1 khách
646,ibis-styles-vung-tau,2026-10-11,23,4,1950000.0,2190000.0,1,2,2,1,2,4,1.123076923076923,1 khách + thanh toán + tiện ích/gói
647,ibis-styles-vung-tau,2026-11-18,24,2,1513000.0,1742500.0,1,1,2,1,1,2,1.151685393258427,1 khách
648,ibis-styles-vung-tau,2026-11-18,24,2,1671000.0,1907500.0,1,1,2,1,1,2,1.1415320167564333,1 khách
649,ibis-styles-vung-tau,2026-11-18,24,4,1750000.0,1990000.0,1,2,2,1,2,4,1.1371428571428572,1 khách + thanh toán + tiện ích/gói
650,ibis-styles-vung-tau,2026-11-18,24,2,1895500.0,2125000.0,1,1,2,1,1,2,1.1210762331838564,1 khách
651,ibis-styles-vung-tau,2026-11-18,24,2,2098500.0,2335000.0,1,1,2,1,1,2,1.1126995472956873,1 khách
652,ibis-styles-vung-tau,2026-11-18,24,4,2200000.0,2440000.0,1,2,2,1,2,4,1.1090909090909091,1 khách + thanh toán + tiện ích/gói
653,ibis-styles-vung-tau,2026-11-18,24,2,2235500.0,2465000.0,1,1,2,1,1,2,1.102661596958175,1 khách
654,ibis-styles-vung-tau,2026-11-18,24,2,2478500.0,2715000.0,1,1,2,1,1,2,1.095420617308856,1 khách
655,ibis-styles-vung-tau,2026-11-18,24,4,2600000.0,2840000.0,1,2,2,1,2,4,1.0923076923076922,1 khách + thanh toán + tiện ích/gói
656,ibis-styles-vung-tau,2026-11-18,24,2,1385500.0,1615000.0,1,1,2,1,1,2,1.165644171779141,1 khách
657,ibis-styles-vung-tau,2026-11-18,24,2,1528500.0,1765000.0,1,1,2,1,1,2,1.1547268563951587,1 khách
658,ibis-styles-vung-tau,2026-11-18,24,4,1600000.0,1840000.0,1,2,2,1,2,4,1.15,1 khách + thanh toán + tiện ích/gói
659,ibis-styles-vung-tau,2026-11-18,24,2,1513000.0,1742500.0,1,1,2,1,1,2,1.151685393258427,1 khách
660,ibis-styles-vung-tau,2026-11-18,24,2,1671000.0,1907500.0,1,1,2,1,1,2,1.1415320167564333,1 khách
661,ibis-styles-vung-tau,2026-11-18,24,4,1750000.0,1990000.0,1,2,2,1,2,4,1.1371428571428572,1 khách + thanh toán + tiện ích/gói
662,ibis-styles-vung-tau,2026-11-18,24,2,1640500.0,1870000.0,1,1,2,1,1,2,1.1398963730569949,1 khách
663,ibis-styles-vung-tau,2026-11-18,24,2,1813500.0,2050000.0,1,1,2,1,1,2,1.1304108078301627,1 khách
664,ibis-styles-vung-tau,2026-11-18,24,4,1900000.0,2140000.0,1,2,2,1,2,4,1.1263157894736842,1 khách + thanh toán + tiện ích/gói
665,ibis-styles-vung-tau,2026-11-18,24,2,1895500.0,2125000.0,1,1,2,1,1,2,1.1210762331838564,1 khách
666,ibis-styles-vung-tau,2026-11-18,24,2,2098500.0,2335000.0,1,1,2,1,1,2,1.1126995472956873,1 khách
667,ibis-styles-vung-tau,2026-11-18,24,4,2200000.0,2440000.0,1,2,2,1,2,4,1.1090909090909091,1 khách + thanh toán + tiện ích/gói
668,mercure-vung-tau-vietnam,2026-10-01,25,2,2726273.0,2936273.0,1,1,2,1,1,2,1.0770282359837038,1 khách
669,mercure-vung-tau-vietnam,2026-10-01,25,2,2858708.0,3068708.0,1,1,2,1,1,2,1.0734597587441599,1 khách
670,mercure-vung-tau-vietnam,2026-10-01,25,2,2858708.0,3068708.0,1,1,2,1,1,2,1.0734597587441599,1 khách
671,mercure-vung-tau-vietnam,2026-10-01,25,2,3723773.0,3933773.0,1,1,2,1,1,2,1.0563944150193902,1 khách
672,mercure-vung-tau-vietnam,2026-10-01,25,2,3908708.0,4118708.0,1,1,2,1,1,2,1.0537261929005697,1 khách
673,mercure-vung-tau-vietnam,2026-10-01,25,2,3908708.0,4118708.0,1,1,2,1,1,2,1.0537261929005697,1 khách
674,mercure-vung-tau-vietnam,2026-10-01,25,2,2108773.0,2318773.0,1,1,2,1,1,2,1.099583976084671,1 khách
675,mercure-vung-tau-vietnam,2026-10-01,25,2,2208708.0,2418708.0,1,1,2,1,1,2,1.0950782086178887,1 khách
676,mercure-vung-tau-vietnam,2026-10-01,25,2,2208708.0,2418708.0,1,1,2,1,1,2,1.0950782086178887,1 khách
677,mercure-vung-tau-vietnam,2026-10-01,25,2,3343773.0,3553773.0,1,1,2,1,1,2,1.062803306324921,1 khách
678,mercure-vung-tau-vietnam,2026-10-01,25,2,3508708.0,3718708.0,1,1,2,1,1,2,1.0598510904868688,1 khách
679,mercure-vung-tau-vietnam,2026-10-01,25,2,3508708.0,3718708.0,1,1,2,1,1,2,1.0598510904868688,1 khách
680,mercure-vung-tau-vietnam,2026-10-01,25,2,2108773.0,2318773.0,1,1,2,1,1,2,1.099583976084671,1 khách
681,mercure-vung-tau-vietnam,2026-10-01,25,2,2208708.0,2418708.0,1,1,2,1,1,2,1.0950782086178887,1 khách
682,mercure-vung-tau-vietnam,2026-10-01,25,2,2208708.0,2418708.0,1,1,2,1,1,2,1.0950782086178887,1 khách
683,mercure-vung-tau-vietnam,2026-10-01,25,2,1823773.0,2033773.0,1,1,2,1,1,2,1.1151459090577611,1 khách
684,mercure-vung-tau-vietnam,2026-10-01,25,2,1908708.0,2118708.0,1,1,2,1,1,2,1.1100220672832093,1 khách
685,mercure-vung-tau-vietnam,2026-10-01,25,2,1908708.0,2118708.0,1,1,2,1,1,2,1.1100220672832093,1 khách
686,mercure-vung-tau-vietnam,2026-10-01,25,2,3343773.0,3553773.0,1,1,2,1,1,2,1.062803306324921,1 khách
687,mercure-vung-tau-vietnam,2026-10-01,25,2,3508708.0,3718708.0,1,1,2,1,1,2,1.0598510904868688,1 khách
688,mercure-vung-tau-vietnam,2026-10-01,25,2,3508708.0,3718708.0,1,1,2,1,1,2,1.0598510904868688,1 khách
689,mercure-vung-tau-vietnam,2026-10-01,25,2,4056273.0,4266273.0,1,1,2,1,1,2,1.0517716632978105,1 khách
690,mercure-vung-tau-vietnam,2026-10-01,25,2,4258708.0,4468708.0,1,1,2,1,1,2,1.0493107299209057,1 khách
691,mercure-vung-tau-vietnam,2026-10-01,25,2,4258708.0,4468708.0,1,1,2,1,1,2,1.0493107299209057,1 khách
692,mercure-vung-tau-vietnam,2026-10-01,25,2,3723773.0,3933773.0,1,1,2,1,1,2,1.0563944150193902,1 khách
693,mercure-vung-tau-vietnam,2026-10-01,25,2,3908708.0,4118708.0,1,1,2,1,1,2,1.0537261929005697,1 khách
694,mercure-vung-tau-vietnam,2026-10-01,25,2,3908708.0,4118708.0,1,1,2,1,1,2,1.0537261929005697,1 khách
695,mercure-vung-tau-vietnam,2026-10-11,26,2,3242099.0,3452099.0,1,1,2,1,1,2,1.0647728524021012,1 khách
696,mercure-vung-tau-vietnam,2026-10-11,26,2,2787284.0,2997284.0,1,1,2,1,1,2,1.075342161042793,1 khách
697,mercure-vung-tau-vietnam,2026-10-11,26,2,3090494.0,3300494.0,1,1,2,1,1,2,1.0679503017964118,1 khách
698,mercure-vung-tau-vietnam,2026-10-11,26,2,4292099.0,4502099.0,1,1,2,1,1,2,1.0489271100223923,1 khách
699,mercure-vung-tau-vietnam,2026-10-11,26,2,3679784.0,3889784.0,1,1,2,1,1,2,1.057068567068067,1 khách
700,mercure-vung-tau-vietnam,2026-10-11,26,2,4087994.0,4297994.0,1,1,2,1,1,2,1.05136993840989,1 khách
701,mercure-vung-tau-vietnam,2026-10-11,26,2,2592099.0,2802099.0,1,1,2,1,1,2,1.0810154241794006,1 khách
702,mercure-vung-tau-vietnam,2026-10-11,26,2,2234784.0,2444784.0,1,1,2,1,1,2,1.093968813093346,1 khách
703,mercure-vung-tau-vietnam,2026-10-11,26,2,2472994.0,2682994.0,1,1,2,1,1,2,1.0849173107577292,1 khách
704,mercure-vung-tau-vietnam,2026-10-11,26,2,3892099.0,4102099.0,1,1,2,1,1,2,1.0539554620784313,1 khách
705,mercure-vung-tau-vietnam,2026-10-11,26,2,3339784.0,3549784.0,1,1,2,1,1,2,1.06287831787924,1 khách
706,mercure-vung-tau-vietnam,2026-10-11,26,2,3707994.0,3917994.0,1,1,2,1,1,2,1.056634395848537,1 khách
707,mercure-vung-tau-vietnam,2026-10-11,26,2,2592099.0,2802099.0,1,1,2,1,1,2,1.0810154241794006,1 khách
708,mercure-vung-tau-vietnam,2026-10-11,26,2,2234784.0,2444784.0,1,1,2,1,1,2,1.093968813093346,1 khách
709,mercure-vung-tau-vietnam,2026-10-11,26,2,2472994.0,2682994.0,1,1,2,1,1,2,1.0849173107577292,1 khách
710,mercure-vung-tau-vietnam,2026-10-11,26,2,2292099.0,2502099.0,1,1,2,1,1,2,1.091619079280607,1 khách
711,mercure-vung-tau-vietnam,2026-10-11,26,2,1979784.0,2189784.0,1,1,2,1,1,2,1.1060721775708866,1 khách
712,mercure-vung-tau-vietnam,2026-10-11,26,2,2187994.0,2397994.0,1,1,2,1,1,2,1.0959783253518978,1 khách
713,mercure-vung-tau-vietnam,2026-10-11,26,2,3892099.0,4102099.0,1,1,2,1,1,2,1.0539554620784313,1 khách
714,mercure-vung-tau-vietnam,2026-10-11,26,2,3339784.0,3549784.0,1,1,2,1,1,2,1.06287831787924,1 khách
715,mercure-vung-tau-vietnam,2026-10-11,26,2,3707994.0,3917994.0,1,1,2,1,1,2,1.056634395848537,1 khách
716,mercure-vung-tau-vietnam,2026-10-11,26,2,4642099.0,4852099.0,1,1,2,1,1,2,1.045238156273703,1 khách
717,mercure-vung-tau-vietnam,2026-10-11,26,2,3977284.0,4187284.0,1,1,2,1,1,2,1.0527998503501383,1 khách
718,mercure-vung-tau-vietnam,2026-10-11,26,2,4420494.0,4630494.0,1,1,2,1,1,2,1.0475060027227727,1 khách
719,mercure-vung-tau-vietnam,2026-10-11,26,2,4292099.0,4502099.0,1,1,2,1,1,2,1.0489271100223923,1 khách
720,mercure-vung-tau-vietnam,2026-10-11,26,2,3679784.0,3889784.0,1,1,2,1,1,2,1.057068567068067,1 khách
721,mercure-vung-tau-vietnam,2026-10-11,26,2,4087994.0,4297994.0,1,1,2,1,1,2,1.05136993840989,1 khách
722,mercure-vung-tau-vietnam,2026-11-18,27,2,2412933.0,2622933.0,1,1,2,1,1,2,1.0870310116360462,1 khách
723,mercure-vung-tau-vietnam,2026-11-18,27,2,2801686.0,3011686.0,1,1,2,1,1,2,1.0749548664625515,1 khách
724,mercure-vung-tau-vietnam,2026-11-18,27,2,2672102.0,2882102.0,1,1,2,1,1,2,1.0785898143109807,1 khách
725,mercure-vung-tau-vietnam,2026-11-18,27,2,3305433.0,3515433.0,1,1,2,1,1,2,1.0635317672450175,1 khách
726,mercure-vung-tau-vietnam,2026-11-18,27,2,3851686.0,4061686.0,1,1,2,1,1,2,1.0545215783425752,1 khách
727,mercure-vung-tau-vietnam,2026-11-18,27,2,3669602.0,3879602.0,1,1,2,1,1,2,1.0572269145264255,1 khách
728,mercure-vung-tau-vietnam,2026-11-18,27,2,1860433.0,2070433.0,1,1,2,1,1,2,1.112876948538324,1 khách
729,mercure-vung-tau-vietnam,2026-11-18,27,2,2151686.0,2361686.0,1,1,2,1,1,2,1.0975978837060798,1 khách
730,mercure-vung-tau-vietnam,2026-11-18,27,2,2054602.0,2264602.0,1,1,2,1,1,2,1.1022095763559074,1 khách
731,mercure-vung-tau-vietnam,2026-11-18,27,2,2965433.0,3175433.0,1,1,2,1,1,2,1.0708159651558473,1 khách
732,mercure-vung-tau-vietnam,2026-11-18,27,2,3451686.0,3661686.0,1,1,2,1,1,2,1.060839833055498,1 khách
733,mercure-vung-tau-vietnam,2026-11-18,27,2,3289602.0,3499602.0,1,1,2,1,1,2,1.0638375098264168,1 khách
734,mercure-vung-tau-vietnam,2026-11-18,27,2,1860433.0,2070433.0,1,1,2,1,1,2,1.112876948538324,1 khách
735,mercure-vung-tau-vietnam,2026-11-18,27,2,2151686.0,2361686.0,1,1,2,1,1,2,1.0975978837060798,1 khách
736,mercure-vung-tau-vietnam,2026-11-18,27,2,2054602.0,2264602.0,1,1,2,1,1,2,1.1022095763559074,1 khách
737,mercure-vung-tau-vietnam,2026-11-18,27,2,1605433.0,1815433.0,1,1,2,1,1,2,1.1308058324452033,1 khách
738,mercure-vung-tau-vietnam,2026-11-18,27,2,1851686.0,2061686.0,1,1,2,1,1,2,1.113410157013662,1 khách
739,mercure-vung-tau-vietnam,2026-11-18,27,2,1769602.0,1979602.0,1,1,2,1,1,2,1.1186707519543944,1 khách
740,mercure-vung-tau-vietnam,2026-11-18,27,2,2965433.0,3175433.0,1,1,2,1,1,2,1.0708159651558473,1 khách
741,mercure-vung-tau-vietnam,2026-11-18,27,2,3451686.0,3661686.0,1,1,2,1,1,2,1.060839833055498,1 khách
742,mercure-vung-tau-vietnam,2026-11-18,27,2,3289602.0,3499602.0,1,1,2,1,1,2,1.0638375098264168,1 khách
743,mercure-vung-tau-vietnam,2026-11-18,27,2,3602933.0,3812933.0,1,1,2,1,1,2,1.0582858465589007,1 khách
744,mercure-vung-tau-vietnam,2026-11-18,27,2,4201686.0,4411686.0,1,1,2,1,1,2,1.0499799366254403,1 khách
745,mercure-vung-tau-vietnam,2026-11-18,27,2,4002102.0,4212102.0,1,1,2,1,1,2,1.0524724257402736,1 khách
746,mercure-vung-tau-vietnam,2026-11-18,27,2,3305433.0,3515433.0,1,1,2,1,1,2,1.0635317672450175,1 khách
747,mercure-vung-tau-vietnam,2026-11-18,27,2,3851686.0,4061686.0,1,1,2,1,1,2,1.0545215783425752,1 khách
748,mercure-vung-tau-vietnam,2026-11-18,27,2,3669602.0,3879602.0,1,1,2,1,1,2,1.0572269145264255,1 khách
751,the-imperial-vung-tau,2026-10-01,28,3,3969000.0,4095001.0,1,2,1,1,3,3,1.0317462836986646,tiện ích/gói
752,the-imperial-vung-tau,2026-10-01,28,2,2185671.0,2646000.0,1,2,2,1,2,2,1.2106122101633778,hủy + thanh toán + tiện ích/gói
753,the-imperial-vung-tau,2026-10-01,28,2,2961000.0,2992500.0,1,1,1,1,2,2,1.0106382978723405,tiện ích/gói
756,the-imperial-vung-tau,2026-10-01,28,3,4914000.0,5040001.0,1,2,1,1,3,3,1.0256412291412291,tiện ích/gói
759,the-imperial-vung-tau,2026-10-01,28,3,8001000.0,8190001.0,1,2,1,1,3,3,1.0236221722284715,tiện ích/gói
762,the-imperial-vung-tau,2026-10-01,28,2,2898000.0,2929500.0,1,1,1,1,2,2,1.0108695652173914,tiện ích/gói
765,the-imperial-vung-tau,2026-10-01,28,3,4221000.0,4347001.0,1,2,1,1,3,3,1.0298509831793414,tiện ích/gói
768,the-imperial-vung-tau,2026-10-01,28,2,3150000.0,3181500.0,1,1,1,1,2,2,1.01,tiện ích/gói
771,the-imperial-vung-tau,2026-10-01,28,3,4630500.0,4725001.0,1,2,1,1,3,3,1.0204083792247058,tiện ích/gói
774,the-imperial-vung-tau,2026-10-01,28,3,3654000.0,3780001.0,1,2,1,1,3,3,1.0344830322933771,tiện ích/gói
775,the-imperial-vung-tau,2026-10-01,28,2,2185671.0,2457000.0,1,2,2,1,2,2,1.1241399094374223,hủy + thanh toán + tiện ích/gói
777,the-imperial-vung-tau,2026-10-01,28,2,2898000.0,2929500.0,1,1,1,1,2,2,1.0108695652173914,tiện ích/gói
782,the-imperial-vung-tau,2026-10-01,28,3,4000500.0,4095001.0,1,2,1,1,3,3,1.0236222972128484,tiện ích/gói
785,the-imperial-vung-tau,2026-10-01,28,3,31311000.0,31500001.0,1,2,2,1,3,3,1.0060362492414807,tiện ích/gói
787,the-imperial-vung-tau,2026-10-01,28,2,5418000.0,5449500.0,1,2,1,1,2,2,1.005813953488372,tiện ích/gói
788,the-imperial-vung-tau,2026-10-01,28,2,2185671.0,2520000.0,1,2,2,1,2,2,1.1529640096794074,hủy + thanh toán + tiện ích/gói
790,the-imperial-vung-tau,2026-10-01,28,2,2898000.0,2929500.0,1,1,1,1,2,2,1.0108695652173914,tiện ích/gói
791,the-imperial-vung-tau,2026-10-01,28,2,2393756.0,2646000.0,1,2,2,1,2,2,1.1053758194235335,hủy + thanh toán + tiện ích/gói
793,the-imperial-vung-tau,2026-10-01,28,2,3150000.0,3181500.0,1,1,1,1,2,2,1.01,tiện ích/gói
794,the-imperial-vung-tau,2026-10-01,28,2,4158000.0,4189500.0,1,1,2,1,2,2,1.0075757575757576,tiện ích/gói
797,the-imperial-vung-tau,2026-10-01,28,2,3843000.0,3874500.0,1,1,1,1,2,2,1.0081967213114753,tiện ích/gói
800,the-imperial-vung-tau,2026-10-01,28,3,5166000.0,5355001.0,1,2,1,1,3,3,1.0365855594270228,tiện ích/gói
801,the-imperial-vung-tau,2026-10-01,28,2,2289714.0,2583000.0,1,2,2,1,2,2,1.1280884861602802,hủy + thanh toán + tiện ích/gói
803,the-imperial-vung-tau,2026-10-01,28,2,3024000.0,3055500.0,1,1,1,1,2,2,1.0104166666666667,tiện ích/gói
804,the-imperial-vung-tau,2026-10-01,28,2,3150000.0,3181500.0,1,1,1,1,2,2,1.01,tiện ích/gói
805,the-imperial-vung-tau,2026-10-01,28,2,4347000.0,4378500.0,1,1,1,1,2,2,1.0072463768115942,tiện ích/gói
808,the-imperial-vung-tau,2026-10-01,28,2,6174000.0,6205500.0,1,1,2,1,2,2,1.0051020408163265,tiện ích/gói
810,the-imperial-vung-tau,2026-10-11,29,2,3969000.0,4000500.0,1,1,1,1,2,2,1.007936507936508,tiện ích/gói
812,the-imperial-vung-tau,2026-10-11,29,2,4095000.0,4095001.0,1,1,1,1,2,2,1.0000002442002442,tiện ích/gói
814,the-imperial-vung-tau,2026-10-11,29,2,2961000.0,2992500.0,1,1,1,1,2,2,1.0106382978723405,tiện ích/gói
817,the-imperial-vung-tau,2026-10-11,29,2,4914000.0,4945500.0,1,1,1,1,2,2,1.0064102564102564,tiện ích/gói
819,the-imperial-vung-tau,2026-10-11,29,2,5040000.0,5040001.0,1,1,1,1,2,2,1.0000001984126985,tiện ích/gói
821,the-imperial-vung-tau,2026-10-11,29,2,8001000.0,8032500.0,1,1,1,1,2,2,1.0039370078740157,tiện ích/gói
823,the-imperial-vung-tau,2026-10-11,29,2,8190000.0,8190001.0,1,1,1,1,2,2,1.000000122100122,tiện ích/gói
824,the-imperial-vung-tau,2026-10-11,29,2,2122205.0,2457000.0,1,2,2,1,2,2,1.157758086518503,hủy + thanh toán + tiện ích/gói
825,the-imperial-vung-tau,2026-10-11,29,2,2898000.0,2929500.0,1,1,1,1,2,2,1.0108695652173914,tiện ích/gói
829,the-imperial-vung-tau,2026-10-11,29,2,4221000.0,4252500.0,1,1,1,1,2,2,1.007462686567164,tiện ích/gói
831,the-imperial-vung-tau,2026-10-11,29,2,4347000.0,4347001.0,1,1,1,1,2,2,1.0000002300437083,tiện ích/gói
833,the-imperial-vung-tau,2026-10-11,29,2,3150000.0,3181500.0,1,1,1,1,2,2,1.01,tiện ích/gói
837,the-imperial-vung-tau,2026-10-11,29,2,4630500.0,4662000.0,1,1,1,1,2,2,1.0068027210884354,tiện ích/gói
839,the-imperial-vung-tau,2026-10-11,29,2,4725000.0,4725001.0,1,1,1,1,2,2,1.0000002116402116,tiện ích/gói
841,the-imperial-vung-tau,2026-10-11,29,2,3654000.0,3685500.0,1,1,1,1,2,2,1.0086206896551724,tiện ích/gói
843,the-imperial-vung-tau,2026-10-11,29,2,3780000.0,3780001.0,1,1,1,1,2,2,1.0000002645502646,tiện ích/gói
844,the-imperial-vung-tau,2026-10-11,29,2,2122205.0,2457000.0,1,2,2,1,2,2,1.157758086518503,hủy + thanh toán + tiện ích/gói
845,the-imperial-vung-tau,2026-10-11,29,2,2898000.0,2929500.0,1,1,1,1,2,2,1.0108695652173914,tiện ích/gói
852,the-imperial-vung-tau,2026-10-11,29,2,4000500.0,4032000.0,1,1,1,1,2,2,1.0078740157480315,tiện ích/gói
854,the-imperial-vung-tau,2026-10-11,29,2,4095000.0,4095001.0,1,1,1,1,2,2,1.0000002442002442,tiện ích/gói
856,the-imperial-vung-tau,2026-10-11,29,2,31311000.0,31342500.0,1,1,2,1,2,2,1.0010060362173039,tiện ích/gói
858,the-imperial-vung-tau,2026-10-11,29,2,31500000.0,31500001.0,1,1,1,1,2,2,1.0000000317460318,tiện ích/gói
861,the-imperial-vung-tau,2026-10-11,29,2,2122205.0,2520000.0,1,2,2,1,2,2,1.187444191301029,hủy + thanh toán + tiện ích/gói
862,the-imperial-vung-tau,2026-10-11,29,2,2898000.0,2929500.0,1,1,1,1,2,2,1.0108695652173914,tiện ích/gói
866,the-imperial-vung-tau,2026-10-11,29,2,3150000.0,3181500.0,1,1,1,1,2,2,1.01,tiện ích/gói
869,the-imperial-vung-tau,2026-10-11,29,2,4158000.0,4189500.0,1,1,2,1,2,2,1.0075757575757576,tiện ích/gói
872,the-imperial-vung-tau,2026-10-11,29,2,3843000.0,3874500.0,1,1,1,1,2,2,1.0081967213114753,tiện ích/gói
876,the-imperial-vung-tau,2026-10-11,29,2,5166000.0,5197500.0,1,1,1,1,2,2,1.0060975609756098,tiện ích/gói
878,the-imperial-vung-tau,2026-10-11,29,2,5355000.0,5355001.0,1,1,1,1,2,2,1.0000001867413633,tiện ích/gói
880,the-imperial-vung-tau,2026-10-11,29,2,3024000.0,3055500.0,1,1,1,1,2,2,1.0104166666666667,tiện ích/gói
883,the-imperial-vung-tau,2026-10-11,29,2,3150000.0,3181500.0,1,1,1,1,2,2,1.01,tiện ích/gói
885,the-imperial-vung-tau,2026-10-11,29,2,4347000.0,4378500.0,1,1,1,1,2,2,1.0072463768115942,tiện ích/gói
888,the-imperial-vung-tau,2026-10-11,29,2,6174000.0,6205500.0,1,1,2,1,2,2,1.0051020408163265,tiện ích/gói
892,the-imperial-vung-tau,2026-11-18,30,2,3812760.0,3843020.0,1,1,1,1,2,2,1.007936507936508,tiện ích/gói
893,the-imperial-vung-tau,2026-11-18,30,2,3933800.0,3933801.0,1,1,1,1,2,2,1.000000254207128,tiện ích/gói
895,the-imperial-vung-tau,2026-11-18,30,2,2122205.0,2541840.0,1,2,2,1,2,2,1.1977353742923045,hủy + thanh toán + tiện ích/gói
896,the-imperial-vung-tau,2026-11-18,30,2,2844440.0,2874700.0,1,1,1,1,2,2,1.0106382978723405,tiện ích/gói
899,the-imperial-vung-tau,2026-11-18,30,2,5688880.0,5719140.0,1,1,1,1,2,2,1.0053191489361701,tiện ích/gói
900,the-imperial-vung-tau,2026-11-18,30,2,5809920.0,5809921.0,1,1,1,1,2,2,1.0000001721194096,tiện ích/gói
903,the-imperial-vung-tau,2026-11-18,30,2,7686040.0,7716300.0,1,1,1,1,2,2,1.0039370078740157,tiện ích/gói
904,the-imperial-vung-tau,2026-11-18,30,2,7867600.0,7867601.0,1,1,1,1,2,2,1.000000127103564,tiện ích/gói
907,the-imperial-vung-tau,2026-11-18,30,2,2783920.0,2814180.0,1,1,1,1,2,2,1.0108695652173914,tiện ích/gói
911,the-imperial-vung-tau,2026-11-18,30,2,4115360.0,4145620.0,1,1,1,1,2,2,1.0073529411764706,tiện ích/gói
912,the-imperial-vung-tau,2026-11-18,30,2,4236400.0,4236401.0,1,1,1,1,2,2,1.000000236049476,tiện ích/gói
915,the-imperial-vung-tau,2026-11-18,30,2,3207560.0,3237820.0,1,1,1,1,2,2,1.009433962264151,tiện ích/gói
919,the-imperial-vung-tau,2026-11-18,30,2,4871860.0,4902120.0,1,1,1,1,2,2,1.0062111801242235,tiện ích/gói
920,the-imperial-vung-tau,2026-11-18,30,2,4962640.0,4962641.0,1,1,1,1,2,2,1.0000002015056502,tiện ích/gói
923,the-imperial-vung-tau,2026-11-18,30,2,3812760.0,3843020.0,1,1,1,1,2,2,1.007936507936508,tiện ích/gói
924,the-imperial-vung-tau,2026-11-18,30,2,3933800.0,3933801.0,1,1,1,1,2,2,1.000000254207128,tiện ích/gói
926,the-imperial-vung-tau,2026-11-18,30,2,2122205.0,2360280.0,1,2,2,1,2,2,1.1121828475571398,hủy + thanh toán + tiện ích/gói
927,the-imperial-vung-tau,2026-11-18,30,2,2783920.0,2814180.0,1,1,1,1,2,2,1.0108695652173914,tiện ích/gói
933,the-imperial-vung-tau,2026-11-18,30,2,4448220.0,4478480.0,1,1,1,1,2,2,1.0068027210884354,tiện ích/gói
934,the-imperial-vung-tau,2026-11-18,30,2,4539000.0,4539001.0,1,1,1,1,2,2,1.0000002203128442,tiện ích/gói
937,the-imperial-vung-tau,2026-11-18,30,2,30078440.0,30108700.0,1,1,2,1,2,2,1.0010060362173039,tiện ích/gói
938,the-imperial-vung-tau,2026-11-18,30,2,30260000.0,30260001.0,1,1,1,1,2,2,1.0000000330469265,tiện ích/gói
944,the-imperial-vung-tau,2026-11-18,30,2,3207560.0,3237820.0,1,1,1,1,2,2,1.009433962264151,tiện ích/gói
947,the-imperial-vung-tau,2026-11-18,30,2,2375288.0,2602360.0,1,2,2,1,2,2,1.0955976706824604,hủy + thanh toán + tiện ích/gói
948,the-imperial-vung-tau,2026-11-18,30,2,3086520.0,3116780.0,1,1,1,1,2,2,1.0098039215686274,tiện ích/gói
951,the-imperial-vung-tau,2026-11-18,30,2,3994320.0,4024580.0,1,1,2,1,2,2,1.0075757575757576,tiện ích/gói
954,the-imperial-vung-tau,2026-11-18,30,2,3933800.0,3964060.0,1,1,1,1,2,2,1.0076923076923077,tiện ích/gói
958,the-imperial-vung-tau,2026-11-18,30,2,5628360.0,5658620.0,1,1,1,1,2,2,1.0053763440860215,tiện ích/gói
959,the-imperial-vung-tau,2026-11-18,30,2,5809920.0,5809921.0,1,1,1,1,2,2,1.0000001721194096,tiện ích/gói
962,the-imperial-vung-tau,2026-11-18,30,2,3207560.0,3237820.0,1,1,1,1,2,2,1.009433962264151,tiện ích/gói
965,the-imperial-vung-tau,2026-11-18,30,2,3449640.0,3479900.0,1,1,1,1,2,2,1.0087719298245614,tiện ích/gói
967,the-imperial-vung-tau,2026-11-18,30,2,4417960.0,4448220.0,1,1,1,1,2,2,1.0068493150684932,tiện ích/gói
970,the-imperial-vung-tau,2026-11-18,30,2,6233560.0,6263820.0,1,1,2,1,2,2,1.0048543689320388,tiện ích/gói
1021,pearl-wealth-da-lat,2026-10-01,34,3,365750.0,420000.0,1,1,3,1,2,3,1.1483253588516746,1 khách + tiện ích/gói
1022,pearl-wealth-da-lat,2026-10-01,34,2,565250.0,630000.0,1,1,2,1,2,2,1.1145510835913313,tiện ích/gói
1023,pearl-wealth-da-lat,2026-10-01,34,3,266000.0,315000.0,1,1,3,1,2,3,1.1842105263157894,1 khách + tiện ích/gói
1024,pearl-wealth-da-lat,2026-10-01,34,2,651000.0,735000.0,1,1,2,1,2,2,1.1290322580645162,tiện ích/gói
1025,pearl-wealth-da-lat,2026-10-11,35,3,365750.0,420000.0,1,1,3,1,2,3,1.1483253588516746,1 khách + tiện ích/gói
1026,pearl-wealth-da-lat,2026-10-11,35,2,565250.0,630000.0,1,1,2,1,2,2,1.1145510835913313,tiện ích/gói
1027,pearl-wealth-da-lat,2026-10-11,35,3,266000.0,315000.0,1,1,3,1,2,3,1.1842105263157894,1 khách + tiện ích/gói
1028,pearl-wealth-da-lat,2026-10-11,35,2,651000.0,735000.0,1,1,2,1,2,2,1.1290322580645162,tiện ích/gói
1029,pearl-wealth-da-lat,2026-11-18,36,3,365750.0,420000.0,1,1,3,1,2,3,1.1483253588516746,1 khách + tiện ích/gói
1030,pearl-wealth-da-lat,2026-11-18,36,2,565250.0,630000.0,1,1,2,1,2,2,1.1145510835913313,tiện ích/gói
1031,pearl-wealth-da-lat,2026-11-18,36,3,292600.0,343000.0,1,1,3,1,2,3,1.1722488038277512,1 khách + tiện ích/gói
1032,pearl-wealth-da-lat,2026-11-18,36,2,651000.0,735000.0,1,1,2,1,2,2,1.1290322580645162,tiện ích/gói
1033,starview-villa,2026-10-01,37,4,455666.0,478401.0,1,1,2,1,2,4,1.0498940013079756,1 khách + tiện ích/gói
1034,starview-villa,2026-10-01,37,2,780000.0,780001.0,1,1,1,1,2,2,1.000001282051282,tiện ích/gói
1035,starview-villa,2026-10-01,37,4,640296.0,663031.0,1,1,2,1,2,4,1.0355070155053288,1 khách + tiện ích/gói
1036,starview-villa,2026-10-01,37,2,708500.0,708501.0,1,1,1,1,2,2,1.0000014114326041,tiện ích/gói
1037,starview-villa,2026-10-01,37,4,390666.0,413401.0,1,1,2,1,2,4,1.0581954918011804,1 khách + tiện ích/gói
1038,starview-villa,2026-10-11,38,4,455666.0,478401.0,1,1,2,1,2,4,1.0498940013079756,1 khách + tiện ích/gói
1039,starview-villa,2026-10-11,38,2,780000.0,780001.0,1,1,1,1,2,2,1.000001282051282,tiện ích/gói
1040,starview-villa,2026-10-11,38,4,640296.0,663031.0,1,1,2,1,2,4,1.0355070155053288,1 khách + tiện ích/gói
1041,starview-villa,2026-10-11,38,2,708500.0,708501.0,1,1,1,1,2,2,1.0000014114326041,tiện ích/gói
1042,starview-villa,2026-10-11,38,4,390666.0,413401.0,1,1,2,1,2,4,1.0581954918011804,1 khách + tiện ích/gói
1043,starview-villa,2026-11-18,39,4,555043.0,577778.0,1,1,2,1,2,4,1.0409607904252463,1 khách + tiện ích/gói
1044,starview-villa,2026-11-18,39,4,870396.0,893131.0,1,1,2,1,2,4,1.0261202946704717,1 khách + tiện ích/gói
1045,starview-villa,2026-11-18,39,2,938889.0,938889.0,1,1,1,1,2,2,1.0,tiện ích/gói
1046,starview-villa,2026-11-18,39,4,482821.0,505556.0,1,1,2,1,2,4,1.047087844149281,1 khách + tiện ích/gói
1088,b-amp-k-homestay-glocery-store,2026-10-01,43,2,810000.0,900000.0,1,1,2,1,1,2,1.1111111111111112,1 khách
1090,b-amp-k-homestay-glocery-store,2026-10-01,43,2,918000.0,972000.0,1,1,2,1,1,2,1.0588235294117647,1 khách
1091,b-amp-k-homestay-glocery-store,2026-10-01,43,2,1020000.0,1080000.0,1,1,2,1,1,2,1.0588235294117647,1 khách
1096,b-amp-k-homestay-glocery-store,2026-11-18,45,2,1260000.0,1400000.0,1,1,2,1,1,2,1.1111111111111112,1 khách
1098,b-amp-k-homestay-glocery-store,2026-11-18,45,3,1352291.0,1458000.0,1,2,3,1,1,3,1.0781703050600795,1 khách + thanh toán
1099,b-amp-k-homestay-glocery-store,2026-11-18,45,2,1530000.0,1620000.0,1,1,2,1,1,2,1.0588235294117647,1 khách
1100,movenpick-residences-phu-quoc,2026-10-01,46,2,45100000.0,45400000.0,1,1,2,1,1,2,1.0066518847006651,1 khách
1101,movenpick-residences-phu-quoc,2026-10-01,46,2,56300000.0,56600000.0,1,1,2,1,1,2,1.0053285968028418,1 khách
1102,movenpick-residences-phu-quoc,2026-10-01,46,2,6700000.0,7000000.0,1,1,2,1,1,2,1.044776119402985,1 khách
1103,movenpick-residences-phu-quoc,2026-10-01,46,2,8300000.0,8600000.0,1,1,2,1,1,2,1.036144578313253,1 khách
1104,movenpick-residences-phu-quoc,2026-10-01,46,2,2500000.0,2800000.0,1,1,2,1,1,2,1.12,1 khách
1105,movenpick-residences-phu-quoc,2026-10-01,46,2,3050000.0,3350000.0,1,1,2,1,1,2,1.098360655737705,1 khách
1106,movenpick-residences-phu-quoc,2026-10-01,46,2,2580000.0,2880000.0,1,1,2,1,1,2,1.1162790697674418,1 khách
1107,movenpick-residences-phu-quoc,2026-10-01,46,2,3150000.0,3450000.0,1,1,2,1,1,2,1.0952380952380953,1 khách
1108,movenpick-residences-phu-quoc,2026-10-01,46,2,12300000.0,12600000.0,1,1,2,1,1,2,1.024390243902439,1 khách
1109,movenpick-residences-phu-quoc,2026-10-01,46,2,15300000.0,15600000.0,1,1,2,1,1,2,1.0196078431372548,1 khách
1110,movenpick-residences-phu-quoc,2026-10-01,46,2,7500000.0,7800000.0,1,1,2,1,1,2,1.04,1 khách
1111,movenpick-residences-phu-quoc,2026-10-01,46,2,9300000.0,9600000.0,1,1,2,1,1,2,1.032258064516129,1 khách
1112,movenpick-residences-phu-quoc,2026-10-01,46,2,2900000.0,3200000.0,1,1,2,1,1,2,1.103448275862069,1 khách
1113,movenpick-residences-phu-quoc,2026-10-01,46,2,3550000.0,3850000.0,1,1,2,1,1,2,1.0845070422535212,1 khách
1114,movenpick-residences-phu-quoc,2026-10-01,46,2,5860000.0,6160000.0,1,1,2,1,1,2,1.0511945392491469,1 khách
1115,movenpick-residences-phu-quoc,2026-10-01,46,2,7250000.0,7550000.0,1,1,2,1,1,2,1.0413793103448277,1 khách
1116,movenpick-residences-phu-quoc,2026-10-01,46,2,8700000.0,9000000.0,1,1,2,1,1,2,1.0344827586206897,1 khách
1117,movenpick-residences-phu-quoc,2026-10-01,46,2,10800000.0,11100000.0,1,1,2,1,1,2,1.0277777777777777,1 khách
1118,movenpick-residences-phu-quoc,2026-10-01,46,2,2580000.0,2880000.0,1,1,2,1,1,2,1.1162790697674418,1 khách
1119,movenpick-residences-phu-quoc,2026-10-01,46,2,3150000.0,3450000.0,1,1,2,1,1,2,1.0952380952380953,1 khách
1120,movenpick-residences-phu-quoc,2026-10-11,47,2,8300000.0,8600000.0,1,1,2,1,1,2,1.036144578313253,1 khách
1121,movenpick-residences-phu-quoc,2026-10-11,47,2,6700000.0,7000000.0,1,1,2,1,1,2,1.044776119402985,1 khách
1122,movenpick-residences-phu-quoc,2026-10-11,47,2,3050000.0,3350000.0,1,1,2,1,1,2,1.098360655737705,1 khách
1123,movenpick-residences-phu-quoc,2026-10-11,47,2,2500000.0,2800000.0,1,1,2,1,1,2,1.12,1 khách
1124,movenpick-residences-phu-quoc,2026-10-11,47,2,3150000.0,3450000.0,1,1,2,1,1,2,1.0952380952380953,1 khách
1125,movenpick-residences-phu-quoc,2026-10-11,47,2,2580000.0,2880000.0,1,1,2,1,1,2,1.1162790697674418,1 khách
1126,movenpick-residences-phu-quoc,2026-10-11,47,2,15300000.0,15600000.0,1,1,2,1,1,2,1.0196078431372548,1 khách
1127,movenpick-residences-phu-quoc,2026-10-11,47,2,12300000.0,12600000.0,1,1,2,1,1,2,1.024390243902439,1 khách
1128,movenpick-residences-phu-quoc,2026-10-11,47,2,9300000.0,9600000.0,1,1,2,1,1,2,1.032258064516129,1 khách
1129,movenpick-residences-phu-quoc,2026-10-11,47,2,7500000.0,7800000.0,1,1,2,1,1,2,1.04,1 khách
1130,movenpick-residences-phu-quoc,2026-10-11,47,2,6550000.0,6850000.0,1,1,2,1,1,2,1.0458015267175573,1 khách
1131,movenpick-residences-phu-quoc,2026-10-11,47,2,5300000.0,5600000.0,1,1,2,1,1,2,1.0566037735849056,1 khách
1132,movenpick-residences-phu-quoc,2026-10-11,47,2,3550000.0,3850000.0,1,1,2,1,1,2,1.0845070422535212,1 khách
1133,movenpick-residences-phu-quoc,2026-10-11,47,2,2900000.0,3200000.0,1,1,2,1,1,2,1.103448275862069,1 khách
1134,movenpick-residences-phu-quoc,2026-10-11,47,2,7250000.0,7550000.0,1,1,2,1,1,2,1.0413793103448277,1 khách
1135,movenpick-residences-phu-quoc,2026-10-11,47,2,5860000.0,6160000.0,1,1,2,1,1,2,1.0511945392491469,1 khách
1136,movenpick-residences-phu-quoc,2026-10-11,47,2,10800000.0,11100000.0,1,1,2,1,1,2,1.0277777777777777,1 khách
1137,movenpick-residences-phu-quoc,2026-10-11,47,2,8700000.0,9000000.0,1,1,2,1,1,2,1.0344827586206897,1 khách
1138,movenpick-residences-phu-quoc,2026-10-11,47,2,3150000.0,3450000.0,1,1,2,1,1,2,1.0952380952380953,1 khách
1139,movenpick-residences-phu-quoc,2026-10-11,47,2,2580000.0,2880000.0,1,1,2,1,1,2,1.1162790697674418,1 khách
1140,movenpick-residences-phu-quoc,2026-11-18,48,2,56300000.0,56600000.0,1,1,2,1,1,2,1.0053285968028418,1 khách
1141,movenpick-residences-phu-quoc,2026-11-18,48,2,10300000.0,10600000.0,1,1,2,1,1,2,1.029126213592233,1 khách
1142,movenpick-residences-phu-quoc,2026-11-18,48,2,3900000.0,4200000.0,1,1,2,1,1,2,1.0769230769230769,1 khách
1143,movenpick-residences-phu-quoc,2026-11-18,48,2,4300000.0,4600000.0,1,1,2,1,1,2,1.069767441860465,1 khách
1144,movenpick-residences-phu-quoc,2026-11-18,48,2,20300000.0,20600000.0,1,1,2,1,1,2,1.0147783251231528,1 khách
1145,movenpick-residences-phu-quoc,2026-11-18,48,2,11500000.0,11800000.0,1,1,2,1,1,2,1.0260869565217392,1 khách
1146,movenpick-residences-phu-quoc,2026-11-18,48,2,7100000.0,7400000.0,1,1,2,1,1,2,1.0422535211267605,1 khách
1147,movenpick-residences-phu-quoc,2026-11-18,48,2,5100000.0,5400000.0,1,1,2,1,1,2,1.0588235294117647,1 khách
1148,movenpick-residences-phu-quoc,2026-11-18,48,2,8300000.0,8600000.0,1,1,2,1,1,2,1.036144578313253,1 khách
1149,movenpick-residences-phu-quoc,2026-11-18,48,2,13100000.0,13400000.0,1,1,2,1,1,2,1.0229007633587786,1 khách
1150,movenpick-residences-phu-quoc,2026-11-18,48,2,4300000.0,4600000.0,1,1,2,1,1,2,1.069767441860465,1 khách
1151,sol-phu-quoc,2026-10-01,49,3,4949910.0,8624070.0,1,1,1,3,1,3,1.7422680412371134,bữa ăn
1152,sol-phu-quoc,2026-10-01,49,3,5499900.0,9582300.0,1,1,1,3,1,3,1.7422680412371134,bữa ăn
1153,sol-phu-quoc,2026-10-01,49,3,3878280.0,7552440.0,1,1,1,3,1,3,1.9473684210526316,bữa ăn
1154,sol-phu-quoc,2026-10-01,49,3,4309200.0,8391600.0,1,1,1,3,1,3,1.9473684210526316,bữa ăn
1156,sol-phu-quoc,2026-10-01,49,3,3623130.0,7297290.0,1,1,1,3,1,3,2.0140845070422535,bữa ăn
1157,sol-phu-quoc,2026-10-01,49,3,4025700.0,8108100.0,1,1,1,3,1,3,2.0140845070422535,bữa ăn
1158,sol-phu-quoc,2026-10-01,49,3,4133430.0,7807590.0,1,1,1,3,1,3,1.8888888888888888,bữa ăn
1159,sol-phu-quoc,2026-10-01,49,3,4592700.0,8675100.0,1,1,1,3,1,3,1.8888888888888888,bữa ăn
1160,sol-phu-quoc,2026-10-01,49,3,4388580.0,8062740.0,1,1,1,3,1,3,1.8372093023255813,bữa ăn
1161,sol-phu-quoc,2026-10-01,49,3,4876200.0,8958600.0,1,1,1,3,1,3,1.8372093023255813,bữa ăn
1162,sol-phu-quoc,2026-10-01,49,3,3367980.0,7042140.0,1,1,1,3,1,3,2.090909090909091,bữa ăn
1163,sol-phu-quoc,2026-10-01,49,3,3742200.0,7824600.0,1,1,1,3,1,3,2.090909090909091,bữa ăn
1164,sol-phu-quoc,2026-10-11,50,3,4949910.0,8624070.0,1,1,1,3,1,3,1.7422680412371134,bữa ăn
1165,sol-phu-quoc,2026-10-11,50,3,5499900.0,9582300.0,1,1,1,3,1,3,1.7422680412371134,bữa ăn
1166,sol-phu-quoc,2026-10-11,50,3,6327720.0,10001880.0,1,1,1,3,1,3,1.5806451612903225,bữa ăn
1167,sol-phu-quoc,2026-10-11,50,3,7030800.0,11113200.0,1,1,1,3,1,3,1.5806451612903225,bữa ăn
1168,sol-phu-quoc,2026-10-11,50,3,3878280.0,7552440.0,1,1,1,3,1,3,1.9473684210526316,bữa ăn
1169,sol-phu-quoc,2026-10-11,50,3,4309200.0,8391600.0,1,1,1,3,1,3,1.9473684210526316,bữa ăn
1170,sol-phu-quoc,2026-10-11,50,3,3623130.0,7297290.0,1,1,1,3,1,3,2.0140845070422535,bữa ăn
1171,sol-phu-quoc,2026-10-11,50,3,4025700.0,8108100.0,1,1,1,3,1,3,2.0140845070422535,bữa ăn
1172,sol-phu-quoc,2026-10-11,50,3,4133430.0,7807590.0,1,1,1,3,1,3,1.8888888888888888,bữa ăn
1173,sol-phu-quoc,2026-10-11,50,3,4592700.0,8675100.0,1,1,1,3,1,3,1.8888888888888888,bữa ăn
1174,sol-phu-quoc,2026-10-11,50,3,4388580.0,8062740.0,1,1,1,3,1,3,1.8372093023255813,bữa ăn
1175,sol-phu-quoc,2026-10-11,50,3,4876200.0,8958600.0,1,1,1,3,1,3,1.8372093023255813,bữa ăn
1176,sol-phu-quoc,2026-10-11,50,3,3367980.0,7042140.0,1,1,1,3,1,3,2.090909090909091,bữa ăn
1177,sol-phu-quoc,2026-10-11,50,3,3742200.0,7824600.0,1,1,1,3,1,3,2.090909090909091,bữa ăn
