source_code,crawl_date,slot,checkin_date
vps,2026-08-27,V1,2026-08-27
vps,2026-08-27,V2,2026-08-30
vps,2026-08-27,V4,2026-09-16
vps,2026-08-27,V5,2027-01-24
vps,2026-08-29,V2,2026-08-30
vps,2026-08-29,V3,2026-09-03
vps,2026-08-29,V4,2026-09-16
vps,2026-08-31,V3,2026-09-03
vps,2026-08-31,V4,2026-09-16
vps,2026-09-01,V3,2026-09-03
vps,2026-09-01,V4,2026-09-16
vps,2026-09-02,V3,2026-09-03
vps,2026-09-02,V4,2026-09-16
vps,2026-09-03,V3,2026-09-03
local_aux,2026-09-03,AN1,2026-09-04
local_aux,2026-09-03,AN5,2026-09-07
local_aux,2026-09-03,AN7,2026-09-08
local_aux,2026-09-03,AN8,2026-09-15
vps,2026-09-03,V4,2026-09-16
local_aux,2026-09-03,AN9,2026-09-20
local_aux,2026-09-03,AN6,2026-09-21
local_aux,2026-09-03,AN4,2026-09-25
local_aux,2026-09-03,AF1,2026-10-26
local_aux,2026-09-03,AF2,2026-11-24
local_aux,2026-09-03,AF3,2027-02-04
local_aux,2026-09-04,AN1,2026-09-04
local_aux,2026-09-04,AN5,2026-09-07
local_aux,2026-09-04,AN7,2026-09-08
local_aux,2026-09-04,AN8,2026-09-15
vps,2026-09-04,V4,2026-09-16
local_aux,2026-09-04,AN9,2026-09-20
local_aux,2026-09-04,AN6,2026-09-21
local_aux,2026-09-04,AN4,2026-09-25
local_aux,2026-09-04,AF1,2026-10-26
local_aux,2026-09-04,AF2,2026-11-24
local_aux,2026-09-04,AF3,2027-02-04
local_aux,2026-09-05,AN8,2026-09-15
local_aux,2026-09-05,AN6,2026-09-21
local_aux,2026-09-05,AN4,2026-09-25
vps,2026-09-14,V4,2026-09-16
vps,2026-09-14,V1,2026-09-24
vps,2026-09-14,V5,2027-01-24
vps,2026-09-20,V1,2026-09-24
vps,2026-09-20,V2,2026-09-27
vps,2026-09-20,V3,2026-10-01
vps,2026-09-20,V4,2026-10-14
vps,2026-09-20,V5,2027-01-24
