source_code,source_run_id,warehouse_run_id,status,trigger_type,git_commit,scraper_version,started_at,finished_at,total,processed,planned_crawl_date,include_reference,include_training,exclusion_reason,items,checkin_dates
local_aux,2,100,completed,scheduled,40af725d53d32d37162ad0244a325dadb52f362c,2.3.0,2026-09-01T18:08:16,2026-09-02T17:08:41,4260,4260,2026-09-02,1,1,,4260,12
local_aux,4,101,completed,scheduled,2302a6ee5dded517ff2ae248ffc1234479371988,2.3.0,2026-09-04T17:32:19,2026-09-05T06:17:06,2478,2478,2026-09-05,1,1,,2478,7
local_aux,5,102,completed,scheduled,2302a6ee5dded517ff2ae248ffc1234479371988,2.3.0,2026-09-05T18:13:40,2026-09-06T13:13:33,3540,3540,2026-09-06,1,1,,3540,10
local_aux,6,103,completed,scheduled,b6a10845d1641903165d57f9dfab77aa96ece3c8,2.3.0,2026-09-06T17:35:23,2026-09-07T12:31:23,3540,3540,2026-09-07,1,1,,3540,10
local_aux,7,104,completed,scheduled,247c5ac0aa9b7feee1252bf8dd3a9a9fffe9f81e,2.3.0,2026-09-07T17:33:57,2026-09-08T12:40:50,3540,3540,2026-09-08,1,1,,3540,10
local_aux,8,105,completed,scheduled,9f43347ad8f25c089b232cec9063ef926f0aa19f,2.3.0,2026-09-08T17:37:05,2026-09-09T17:37:35,3540,3540,2026-09-09,1,1,,3540,10
local_aux,9,106,completed,scheduled,06fcecfcfdb733810f85ea22c4a34e3bfc1cc7da,2.3.0,2026-09-09T17:38:54,2026-09-10T13:03:58,3540,3540,2026-09-10,1,1,,3540,10
local_aux,10,107,completed,scheduled,eeb44277187cebefa1f4ec78f4251b00d0d347fe,2.3.0,2026-09-10T18:12:35,2026-09-11T13:29:11,3540,3540,2026-09-11,1,1,,3540,10
local_aux,11,108,completed,scheduled,eeb44277187cebefa1f4ec78f4251b00d0d347fe,2.3.0,2026-09-11T17:41:11,2026-09-12T13:00:02,3540,3540,2026-09-12,1,1,,3540,10
local_aux,12,109,completed,scheduled,d9ce101eda751b16c6215e9b5567a468ea08e1f2,2.3.0,2026-09-12T17:41:32,2026-09-13T12:05:24,3540,3540,2026-09-13,1,1,,3540,10
local_aux,13,110,failed,scheduled,da7ad19b5cf4f29fd13caee69df1fd829f31c930,2.3.0,2026-09-13T17:29:14,2026-09-14T18:05:29,15,15,2026-09-14,1,1,,15,10
local_aux,14,111,completed,scheduled,da7ad19b5cf4f29fd13caee69df1fd829f31c930,2.3.0,2026-09-14T17:58:15,2026-09-15T12:31:59,3540,3540,2026-09-15,1,1,,3540,10
local_aux,15,112,completed,scheduled,da7ad19b5cf4f29fd13caee69df1fd829f31c930,2.3.0,2026-09-15T17:38:35,2026-09-16T12:29:00,3540,3540,2026-09-16,1,1,,3540,10
local_aux,16,113,completed,scheduled,da7ad19b5cf4f29fd13caee69df1fd829f31c930,2.3.0,2026-09-16T17:32:46,2026-09-17T11:46:08,3540,3540,2026-09-17,1,1,,3540,10
local_aux,17,114,completed,scheduled,da7ad19b5cf4f29fd13caee69df1fd829f31c930,2.3.0,2026-09-17T17:35:01,2026-09-18T11:49:32,3540,3540,2026-09-18,1,1,,3540,10
local_aux,18,115,completed,scheduled,da7ad19b5cf4f29fd13caee69df1fd829f31c930,2.3.0,2026-09-18T17:33:10,2026-09-19T11:52:09,3540,3540,2026-09-19,1,1,,3540,10
local_aux,19,116,completed,scheduled,f78db92cd6269122921116e44c48418563edcad6,2.3.0,2026-09-19T19:14:57,2026-09-20T13:51:23,3540,3540,2026-09-20,1,1,,3540,10
local_aux,20,117,completed,scheduled,f78db92cd6269122921116e44c48418563edcad6,2.3.0,2026-09-20T17:45:01,2026-09-21T12:23:16,3540,3540,2026-09-21,1,1,,3540,10
local_aux,21,118,completed,scheduled,d949a6fd731d7f8be027724a631cfc8dff95246b,2.3.0,2026-09-21T17:33:23,2026-09-22T12:30:29,3540,3540,2026-09-22,1,1,,3540,10
local_aux,22,119,completed,scheduled,d949a6fd731d7f8be027724a631cfc8dff95246b,2.3.0,2026-09-22T17:33:46,2026-09-23T12:19:02,3540,3540,2026-09-23,1,1,,3540,10
local_aux,23,120,completed,scheduled,a754b15bdc34a8e1b27cde1aa8344397d7bedcb1,2.3.0,2026-09-23T17:41:31,2026-09-24T12:36:24,3540,3540,2026-09-24,1,1,,3540,10
local_aux,24,121,completed,scheduled,a754b15bdc34a8e1b27cde1aa8344397d7bedcb1,2.3.0,2026-09-24T17:33:49,2026-09-25T14:47:20,3540,3540,2026-09-25,1,1,,3540,10
local_aux,25,122,completed,scheduled,a754b15bdc34a8e1b27cde1aa8344397d7bedcb1,2.3.0,2026-09-25T17:42:08,2026-09-26T17:26:48,3540,3540,2026-09-26,1,1,,3540,10
local_aux,26,123,completed,scheduled,a754b15bdc34a8e1b27cde1aa8344397d7bedcb1,2.3.0,2026-09-26T17:17:19,2026-09-27T21:45:05,3540,3540,2026-09-27,1,1,,3540,10
local_aux,27,124,completed,scheduled,a754b15bdc34a8e1b27cde1aa8344397d7bedcb1,2.3.0,2026-09-27T21:49:59,2026-09-29T05:00:49,3540,3540,2026-09-28,1,1,,3540,10
local_aux,28,125,completed,manual,,2.3.0,2026-09-28T17:29:54,2026-09-29T10:48:26,3540,3540,2026-09-29,1,1,,3540,10
local_aux,29,126,completed,scheduled,1e49e7fdb3e2ccb4c0c4b5386c5a9753227f8a77,2.3.0,2026-09-29T17:32:48,2026-10-01T02:08:33,3540,3540,2026-09-30,1,1,,3540,10
local_aux,30,127,completed,manual,,2.3.0,2026-09-30T18:30:28,2026-10-01T11:38:47,3540,3540,2026-10-01,1,1,,3540,10
local_aux,31,128,completed,scheduled,addc97488c6748be09e0d5f8948f0cf49dde3c88,2.3.0,2026-10-01T17:37:47,2026-10-02T11:38:21,3540,3540,2026-10-02,1,1,,3540,10
local_aux,32,129,completed,scheduled,addc97488c6748be09e0d5f8948f0cf49dde3c88,2.3.0,2026-10-02T17:32:26,2026-10-03T11:24:25,3540,3540,2026-10-03,1,1,,3540,10
local_aux,33,130,completed,scheduled,addc97488c6748be09e0d5f8948f0cf49dde3c88,2.3.0,2026-10-03T17:34:08,2026-10-04T11:36:43,3540,3540,2026-10-04,1,1,,3540,10
local_primary,1,1,completed,manual,503db7dd44631c865317b3d766ffac14f402ae8e,2.1.0,2026-08-08T14:48:46,2026-08-08T15:03:24,50,50,,0,0,run_not_in_ownership_manifest,50,5
local_primary,2,2,completed,manual,a9ee573557c7ff496f9b05393fd6ff23426593a5,2.1.0,2026-08-09T13:00:09,2026-08-09T13:14:23,50,50,,0,0,run_not_in_ownership_manifest,50,5
local_primary,3,3,completed,manual,a9ee573557c7ff496f9b05393fd6ff23426593a5,2.1.0,2026-08-10T15:03:12,2026-08-10T15:17:21,50,50,,0,0,run_not_in_ownership_manifest,50,5
local_primary,4,4,completed,manual,a9ee573557c7ff496f9b05393fd6ff23426593a5,2.1.0,2026-08-11T16:27:44,2026-08-11T16:42:17,50,50,,0,0,run_not_in_ownership_manifest,50,5
local_primary,5,5,completed,manual,a9ee573557c7ff496f9b05393fd6ff23426593a5,2.2.0,2026-08-12T15:39:51,2026-08-12T15:50:49,50,50,,0,0,run_not_in_ownership_manifest,50,5
local_primary,6,6,completed,manual,a9ee573557c7ff496f9b05393fd6ff23426593a5,2.2.0,2026-08-13T15:01:44,2026-08-13T15:13:48,50,50,,0,0,run_not_in_ownership_manifest,50,5
local_primary,7,7,completed,manual,a9ee573557c7ff496f9b05393fd6ff23426593a5,2.2.0,2026-08-14T15:01:03,2026-08-14T16:07:05,250,250,,0,0,run_not_in_ownership_manifest,250,5
local_primary,8,8,completed,manual,a9ee573557c7ff496f9b05393fd6ff23426593a5,2.2.0,2026-08-15T15:01:18,2026-08-15T16:04:38,250,250,,0,0,run_not_in_ownership_manifest,250,5
local_primary,9,9,completed,manual,683c2ea7a8c40faf61ef1461b827768126596559,2.2.1,2026-08-16T15:01:19,2026-08-16T18:03:17,750,750,,0,0,run_not_in_ownership_manifest,750,5
local_primary,10,10,completed,manual,a20e1e7ef1ef796a8fe3498542ea68d8f96b34dd,2.3.0,2026-08-16T19:33:49,2026-08-17T02:27:33,1775,1775,,0,0,run_not_in_ownership_manifest,1775,5
local_primary,11,11,completed,scheduled,214817d790c42fe90d42f59c1a02be8751229553,2.3.0,2026-08-17T17:31:31,2026-08-18T10:17:54,4260,4260,2026-08-18,1,1,,4260,12
local_primary,12,12,completed,scheduled,d85759bda57219ffce0058f80d8dbbd081586a4e,2.3.0,2026-08-18T17:31:50,2026-08-19T10:20:37,4260,4260,2026-08-19,1,1,,4260,12
local_primary,14,13,completed,scheduled,78e07ecc1e7c1c4ce3f3890cee3f1e2b34e6b692,2.3.0,2026-08-19T18:03:15,2026-08-20T10:29:41,4260,4260,2026-08-20,1,1,,4260,12
local_primary,16,14,completed,scheduled,73a83c98cc812218e9d852977df47144697ddeda,2.3.0,2026-08-20T18:47:40,2026-08-21T14:44:34,4260,4260,2026-08-21,1,1,,4260,12
local_primary,17,15,completed,scheduled,d10f7f81b3a03849d313edd7a1383986902c788a,2.3.0,2026-08-21T17:39:26,2026-08-22T09:43:31,4260,4260,2026-08-22,1,1,,4260,12
local_primary,18,16,completed,scheduled,895ca25260af40d18be3d9c7df74b77559358833,2.3.0,2026-08-22T17:32:24,2026-08-23T10:17:27,4260,4260,2026-08-23,1,1,,4260,12
local_primary,20,17,completed,scheduled,d29e54b67914128c8005e3c8a12bee3e64860f83,2.3.0,2026-08-23T17:48:56,2026-08-24T10:10:27,4260,4260,2026-08-24,1,1,,4260,12
local_primary,21,18,completed,scheduled,93979dc1ee0c9fa7dd12dd06b26e57bbffc0dbf8,2.3.0,2026-08-24T17:31:38,2026-08-25T09:41:43,4260,4260,2026-08-25,1,1,,4260,12
local_primary,22,19,completed,scheduled,d126dd2d5dd73ef5414af82b34d5e7f0f224352a,2.3.0,2026-08-25T17:32:27,2026-08-26T09:45:36,4260,4260,2026-08-26,1,1,,4260,12
local_primary,23,20,completed,scheduled,c4343c4cce3b56b6af09f7841de1bb7d7ce580ec,2.3.0,2026-08-26T17:32:10,2026-08-27T11:30:11,4260,4260,2026-08-27,1,1,,4260,12
local_primary,24,21,completed,scheduled,c4343c4cce3b56b6af09f7841de1bb7d7ce580ec,2.3.0,2026-08-27T17:32:24,2026-08-28T09:38:03,4260,4260,2026-08-28,1,1,,4260,12
local_primary,25,22,completed,scheduled,f979fc8a10262a25cf37659762bf21f8ab62c4ac,2.3.0,2026-08-28T17:31:50,2026-08-29T09:47:40,4260,4260,2026-08-29,1,1,,4260,12
local_primary,26,23,completed,scheduled,451e4b1cfe159f80999cb85a04b9e5c104f868f0,2.3.0,2026-08-29T17:32:24,2026-08-30T09:56:08,4260,4260,2026-08-30,1,1,,4260,12
local_primary,27,24,completed,scheduled,ab5167ec20af84ca6e52b0d5423f1da9e7de35a2,2.3.0,2026-08-30T17:32:07,2026-08-31T09:41:35,4260,4260,2026-08-31,1,1,,4260,12
local_primary,28,25,completed,scheduled,5020a8af7d03686d1919a8c5a0909218a58f3a9d,2.3.0,2026-08-31T17:31:10,2026-09-01T09:41:59,4260,4260,2026-09-01,1,1,,4260,12
local_primary,29,26,completed,scheduled,8ce0cf89b3d07a4e6e90ddf7d56112c79714a90d,2.3.0,2026-09-01T17:31:00,2026-09-02T13:51:35,4260,4260,2026-09-02,1,1,,4260,12
local_primary,30,27,completed,scheduled,4867f04e06cda867f2d14eb08e0edd095d9e6ce8,2.3.0,2026-09-02T17:31:12,2026-09-03T18:34:15,4248,4248,2026-09-03,1,1,,4248,12
local_primary,31,28,completed,scheduled,d15e10683d0b0cf44463a261cd70230545daca79,2.3.0,2026-09-03T18:39:25,2026-09-04T16:38:35,4248,4248,2026-09-04,1,1,,4248,12
local_primary,32,29,completed,scheduled,8573b70a0c40498f61ae1bc8d4ecab93172ec00d,2.3.0,2026-09-04T17:31:36,2026-09-05T13:09:57,4248,4248,2026-09-05,1,1,,4248,12
local_primary,33,30,completed,scheduled,e9e87fde01bcea1c529778fdc1759b2fe124d02c,2.3.0,2026-09-05T17:32:18,2026-09-06T13:01:14,4248,4248,2026-09-06,1,1,,4248,12
local_primary,34,31,completed,scheduled,e9e87fde01bcea1c529778fdc1759b2fe124d02c,2.3.0,2026-09-06T17:31:59,2026-09-07T13:06:03,4248,4248,2026-09-07,1,1,,4248,12
local_primary,35,32,completed,scheduled,535923aeb7835095ca5aa3cbb512f46651e6f666,2.3.0,2026-09-07T17:32:06,2026-09-08T13:22:13,4248,4248,2026-09-08,1,1,,4248,12
local_primary,36,33,completed,scheduled,80dd8ac1c3b1cf12eefdd25dd253eb18683af774,2.3.0,2026-09-08T17:31:14,2026-09-09T20:58:17,4248,4248,2026-09-09,1,1,,4248,12
local_primary,37,34,completed,scheduled,6c259e4fd049dd1c6565888f5dc974ece573020e,2.3.0,2026-09-09T20:59:14,2026-09-10T16:31:13,4248,4248,2026-09-10,1,1,,4248,12
local_primary,38,35,completed,scheduled,2955db5d79be87f815430227a3065a4988f7c42a,2.3.0,2026-09-10T17:33:39,2026-09-11T13:29:34,4248,4248,2026-09-11,1,1,,4248,12
local_primary,39,36,completed,scheduled,d1070a57a18c91bf124f6fb7e3e5c26ac445af59,2.3.0,2026-09-11T17:32:11,2026-09-12T09:17:04,4248,4248,2026-09-12,1,1,,4248,12
local_primary,40,37,completed,scheduled,d1070a57a18c91bf124f6fb7e3e5c26ac445af59,2.3.0,2026-09-12T17:41:43,2026-09-13T09:20:49,4248,4248,2026-09-13,1,1,,4248,12
local_primary,41,38,completed,scheduled,99e62fa4cfefb939dc76cba4de1ab4f496b62e44,2.3.0,2026-09-13T17:26:59,2026-09-14T09:05:59,4248,4248,2026-09-14,1,1,,4248,12
local_primary,42,39,completed,scheduled,10a666c22a72f4c9b581080cc47ab5719d256682,2.3.0,2026-09-14T17:32:29,2026-09-15T09:12:29,4248,4248,2026-09-15,1,1,,4248,12
local_primary,43,40,completed,scheduled,10a666c22a72f4c9b581080cc47ab5719d256682,2.3.0,2026-09-15T17:34:15,2026-09-16T09:30:15,4248,4248,2026-09-16,1,1,,4248,12
local_primary,44,41,completed,scheduled,350c22a9d437aa620db1b1c55adc49a1f600cf28,2.3.0,2026-09-16T17:34:07,2026-09-17T08:43:04,4248,4248,2026-09-17,1,1,,4248,12
local_primary,45,42,completed,scheduled,dce024140f8da7b88ce594a99311d73e62ede1f3,2.3.0,2026-09-17T17:35:02,2026-09-18T08:55:04,4248,4248,2026-09-18,1,1,,4248,12
local_primary,46,43,completed,scheduled,1f3e6df1ab2256af7c720ce197d945666ef108da,2.3.0,2026-09-18T17:32:51,2026-09-19T08:52:33,4248,4248,2026-09-19,1,1,,4248,12
local_primary,47,44,completed,scheduled,b25d1fe217ed0073c27d3d4d7866bb43aad4be17,2.3.0,2026-09-19T19:11:40,2026-09-20T10:47:09,4248,4248,2026-09-20,1,1,,4248,12
local_primary,48,45,completed,scheduled,17a5062c30f856903832df7d0a754f30231cae16,2.3.0,2026-09-20T17:33:22,2026-09-21T08:55:40,4248,4248,2026-09-21,1,1,,4248,12
local_primary,49,46,completed,scheduled,d9199141522202a3891ce692c78e84841ab21563,2.3.0,2026-09-21T17:34:02,2026-09-22T12:22:30,4248,4248,2026-09-22,1,1,,4248,12
local_primary,50,47,completed,scheduled,7d83118e0cac1f86f704d12a28261047943c40a4,2.3.0,2026-09-22T17:33:05,2026-09-23T09:00:28,4248,4248,2026-09-23,1,1,,4248,12
local_primary,51,48,completed,scheduled,14c1e9b4898b3cf93694c0cdb381dbc2483a922d,2.3.0,2026-09-23T17:33:31,2026-09-24T08:46:23,4248,4248,2026-09-24,1,1,,4248,12
local_primary,52,49,completed,scheduled,3296207d881404720d0b6d6a4fdafd8ce5951363,2.3.0,2026-09-24T17:32:07,2026-09-25T08:53:20,4248,4248,2026-09-25,1,1,,4248,12
local_primary,53,50,completed,scheduled,d5a89244b0bee964822ee46e56a730484b01f2fb,2.3.0,2026-09-25T17:34:35,2026-09-26T08:27:27,4248,4248,2026-09-26,1,1,,4248,12
local_primary,54,51,completed,scheduled,55ac801bdefe5cff31b8d96c8a2bc1041775e136,2.3.0,2026-09-26T17:32:54,2026-09-27T08:33:24,4248,4248,2026-09-27,1,1,,4248,12
local_primary,55,52,completed,scheduled,454c47409f2d56e70c0939ec5c1a46727fa536c7,2.3.0,2026-09-27T17:33:46,2026-09-28T08:59:07,4248,4248,2026-09-28,1,1,,4248,12
local_primary,56,53,completed,scheduled,e9e0f7a72b39a2bf787bc23ed49cbe42c1bc3003,2.3.0,2026-09-28T17:32:48,2026-09-29T08:39:12,4248,4248,2026-09-29,1,1,,4248,12
local_primary,57,54,completed,scheduled,829b2dc59ea3ef56b3679967ea1b3f8edd64fb1d,2.3.0,2026-09-29T17:33:24,2026-09-30T09:15:38,4248,4248,2026-09-30,1,1,,4248,12
local_primary,58,55,completed,scheduled,b9df7215a5212181679d7728739ec3204043d786,2.3.0,2026-09-30T17:33:53,2026-10-01T08:42:13,4248,4248,2026-10-01,1,1,,4248,12
local_primary,59,56,completed,scheduled,bbe8c74b4fa7a0a7cf0f3b76482ada96d887859b,2.3.0,2026-10-01T17:46:28,2026-10-02T09:07:26,4248,4248,2026-10-02,1,1,,4248,12
local_primary,60,57,completed,scheduled,bbe8c74b4fa7a0a7cf0f3b76482ada96d887859b,2.3.0,2026-10-02T17:32:17,2026-10-03T10:12:16,4248,4248,2026-10-03,1,1,,4248,12
local_primary,61,58,completed,scheduled,e373027c69a3daee4b22f019f81af79792c7f5bf,2.3.0,2026-10-03T17:32:30,2026-10-04T10:44:18,4248,4248,2026-10-04,1,1,,4248,12
vps,1,59,completed,manual,,2.3.0,2026-08-23T17:37:50,2026-08-24T10:12:54,1775,1775,2026-08-24,1,1,,1775,5
vps,2,60,completed,manual,,2.3.0,2026-08-24T17:51:01,2026-08-25T11:06:13,1775,1775,2026-08-25,1,1,,1775,5
vps,3,61,completed,manual,,2.3.0,2026-08-25T17:40:57,2026-08-26T11:35:03,1775,1775,2026-08-26,1,1,,1775,5
vps,4,62,completed,manual,,2.3.0,2026-08-26T17:33:14,2026-08-27T15:23:20,1775,1775,2026-08-27,1,1,,1775,5
vps,5,63,completed,manual,,2.3.0,2026-08-27T17:53:35,2026-08-28T13:34:17,1775,1775,2026-08-28,1,1,,1775,5
vps,6,64,completed,manual,,2.3.0,2026-08-28T17:34:39,2026-08-29T14:49:12,1775,1775,2026-08-29,1,1,,1775,5
vps,7,65,completed,manual,,2.3.0,2026-08-29T17:34:33,2026-08-30T12:11:21,1775,1775,2026-08-30,1,1,,1775,5
vps,8,66,completed,manual,,2.3.0,2026-08-30T17:33:38,2026-08-31T13:41:18,1775,1775,2026-08-31,1,1,,1775,5
vps,9,67,completed,manual,,2.3.0,2026-08-31T17:34:30,2026-09-01T13:58:17,1775,1775,2026-09-01,1,1,,1775,5
vps,10,68,completed,manual,,2.3.0,2026-09-01T17:33:35,2026-09-02T14:22:04,1775,1775,2026-09-02,1,1,,1775,5
vps,13,69,completed,manual,,2.3.0,2026-09-02T17:35:12,2026-09-03T12:16:02,1770,1770,2026-09-03,1,1,,1770,5
vps,14,70,completed,manual,,2.3.0,2026-09-03T17:34:06,2026-09-04T14:50:19,1770,1770,2026-09-04,1,1,,1770,5
vps,15,71,completed,manual,,2.3.0,2026-09-04T17:33:22,2026-09-05T15:32:17,1770,1770,2026-09-05,1,1,,1770,5
vps,16,72,completed,manual,,2.3.0,2026-09-05T17:35:44,2026-09-06T16:31:24,1770,1770,2026-09-06,1,1,,1770,5
vps,17,73,completed,manual,,2.3.0,2026-09-06T17:32:43,2026-09-07T15:20:25,1770,1770,2026-09-07,1,1,,1770,5
vps,18,74,completed,manual,,2.3.0,2026-09-07T17:35:01,2026-09-08T16:11:38,1770,1770,2026-09-08,1,1,,1770,5
vps,19,75,completed,manual,,2.3.0,2026-09-08T17:33:41,2026-09-09T15:12:52,1770,1770,2026-09-09,1,1,,1770,5
vps,20,76,completed,manual,,2.3.0,2026-09-09T17:43:08,2026-09-10T15:33:54,1770,1770,2026-09-10,1,1,,1770,5
vps,21,77,completed,manual,,2.3.0,2026-09-10T17:37:15,2026-09-11T15:41:17,1770,1770,2026-09-11,1,1,,1770,5
vps,22,78,completed,manual,,2.3.0,2026-09-11T18:06:27,2026-09-12T16:43:05,1770,1770,2026-09-12,1,1,,1770,5
vps,23,79,completed,manual,,2.3.0,2026-09-12T17:45:10,2026-09-13T16:50:46,1770,1770,2026-09-13,1,1,,1770,5
vps,24,80,completed,manual,,2.3.0,2026-09-13T17:27:29,2026-09-14T14:09:37,1770,1770,2026-09-14,1,1,,1770,5
vps,25,81,completed,manual,,2.3.0,2026-09-14T17:34:05,2026-09-15T14:55:19,1770,1770,2026-09-15,1,1,,1770,5
vps,26,82,completed,manual,,2.3.0,2026-09-15T17:36:20,2026-09-16T13:32:38,1770,1770,2026-09-16,1,1,,1770,5
vps,27,83,completed,manual,,2.3.0,2026-09-16T17:30:35,2026-09-17T13:49:07,1770,1770,2026-09-17,1,1,,1770,5
vps,28,84,completed,manual,,2.3.0,2026-09-17T17:31:00,2026-09-18T14:20:32,1770,1770,2026-09-18,1,1,,1770,5
vps,29,85,completed,manual,,2.3.0,2026-09-18T17:30:55,2026-09-20T13:55:12,1770,1770,2026-09-19,1,1,,1770,5
vps,31,86,completed,manual,,2.3.0,2026-09-20T17:41:19,2026-09-21T09:39:22,1770,1770,2026-09-21,1,1,,1770,5
vps,32,87,completed,manual,,2.3.0,2026-09-21T17:31:11,2026-09-22T09:58:08,1770,1770,2026-09-22,1,1,,1770,5
vps,33,88,completed,manual,,2.3.0,2026-09-22T17:33:48,2026-09-23T10:12:05,1770,1770,2026-09-23,1,1,,1770,5
vps,34,89,completed,manual,,2.3.0,2026-09-23T17:31:38,2026-09-24T09:35:19,1770,1770,2026-09-24,1,1,,1770,5
vps,35,90,completed,manual,,2.3.0,2026-09-24T17:39:25,2026-09-25T08:54:24,1770,1770,2026-09-25,1,1,,1770,5
vps,36,91,completed,manual,,2.3.0,2026-09-25T17:37:34,2026-09-26T09:06:58,1770,1770,2026-09-26,1,1,,1770,5
vps,37,92,completed,manual,,2.3.0,2026-09-26T17:33:05,2026-09-27T09:20:08,1770,1770,2026-09-27,1,1,,1770,5
vps,38,93,completed,manual,,2.3.0,2026-09-27T17:50:44,2026-09-28T09:53:17,1770,1770,2026-09-28,1,1,,1770,5
vps,39,94,completed,manual,,2.3.0,2026-09-28T17:28:48,2026-09-29T09:15:48,1770,1770,2026-09-29,1,1,,1770,5
vps,40,95,completed,manual,,2.3.0,2026-09-29T17:33:00,2026-09-30T08:18:52,1770,1770,2026-09-30,1,1,,1770,5
vps,41,96,completed,manual,,2.3.0,2026-09-30T17:31:43,2026-10-01T09:09:21,1770,1770,2026-10-01,1,1,,1770,5
vps,42,97,completed,manual,,2.3.0,2026-10-01T17:30:31,2026-10-02T10:24:52,1770,1770,2026-10-02,1,1,,1770,5
vps,43,98,completed,manual,,2.3.0,2026-10-02T17:32:05,2026-10-03T09:30:07,1770,1770,2026-10-03,1,1,,1770,5
vps,44,99,completed,manual,,2.3.0,2026-10-03T17:34:15,2026-10-04T09:23:18,1770,1770,2026-10-04,1,1,,1770,5
